编号,名字,代码名,类型,种族,职业,品质,生命,攻击,攻速（100=标准）,移速,射程,攻击方式,招募费用,战力,卡片上的一句话,开战激活,自带法力技能,触发条件,个人技能（领袖）,个人技能触发,技能特效（蓄力 → 施放）,全部特性,进化为,简介
L01,守夜人,watchman,领袖,英雄,,随招募,2100,78,111,110,70,近战,,,,,照夜：所有敌人停顿 1.0 秒（1 级数值，冷却按走过的站数算）；亲自上场后，怒气满后，用灯盾砸晕身边的敌人,场外指挥时玩家按空格；亲自上场后：240 以内有 1 个以上敌人,,,,,,
L02,赌徒寡妇,widow,领袖,英雄,,随招募,1500,90,125,100,420,远程,,,,,梭哈：8 秒内每次击杀，积分倍率 +1.00（1 级数值，冷却按走过的站数算）；亲自上场后，能量满后，朝最肉的敌人掷出致命一牌,场外指挥时玩家按空格；亲自上场后：场上有敌人,,,,,,
L03,驱魔修女,nun,领袖,英雄,,随招募,1700,66,100,100,420,远程,,,,,圣咏：全队回复 100% 生命（1 级数值，冷却按走过的站数算）；亲自上场后，法力满后，治疗全队并灼伤身边的敌人,场外指挥时玩家按空格；亲自上场后：有友军生命低于 75%，或 280 以内有 2 个以上敌人,,,,,,
L04,屠宰场主,butcherlord,领袖,英雄,,随招募,2400,108,83,95,70,近战,,,,,血祭：献祭生命最低的部队，积分倍率 +1.00（1 级数值，冷却按走过的站数算）；亲自上场后，怒气满后，旋转攻击周围敌人,场外指挥时玩家按空格；亲自上场后：220 以内有 1 个以上敌人,,,,,,
L05,钟表匠,clockmaker,领袖,英雄,,随招募,1600,72,143,100,420,远程,,,,,倒带：部队攻速 +100%，持续 6 秒（1 级数值，冷却按走过的站数算）；亲自上场后，每 7 秒，让最近的敌人停摆,场外指挥时玩家按空格；亲自上场后：400 以内有 1 个以上敌人,,,,,,
L06,焚尸人,cremator,领袖,英雄,,随招募,1900,84,100,105,70,近战,,,,,火葬：点燃所有敌人，每秒 100% 领袖攻击（1 级数值，冷却按走过的站数算）；亲自上场后，每 6 秒，点燃身边的敌人,场外指挥时玩家按空格；亲自上场后：280 以内有 1 个以上敌人,,,,,,
U001,雏鸡,Chick,部队,不死,商人,普通,100,6.69,109,300,600,远程,15,15,死亡时掉落积分。,金币,,,,,,美味：死亡后，获得其最大生命值1%的积分,"Rooster,Turkey",飞行单位。能升级为两种不同的形态。
U002,雏鸡,Chick_T1,部队,不死,商人,普通,130,9.15,109,300,600,远程,20,20,死亡时掉落积分。,金币,,,,,,美味：死亡后，获得其最大生命值1%的积分,,飞行单位。能升级为两种不同的形态。
U003,步卒,FootSoldier,部队,不死,先锋,普通,510,11.42,89,340,240,近战,40,40,身边敌人死得越多，越快升级成赤十字。,成长,初级渔夫：附近小范围敌人死亡时获得2.5%法力值，法力值满后，或者经历5场战斗后，升级为RedCross，法力值减半保留,敌人进入攻击范围,,,螺旋聚气 → 光束（sea）,初级渔夫：附近小范围敌人死亡时获得2.5%法力值，法力值满后，或者经历5场战斗后，升级为RedCross，法力值减半保留,赤十字（RedCross）,敌人死亡时积攒层数。层数越多最终升级形态越强。
U004,步卒,FootSoldier_T1,部队,不死,先锋,普通,510,11.42,89,340,240,近战,40,40,受到的伤害减少。,守护,,,,,,石肤术：受到的伤害减少20%,,敌人死亡时积攒层数。层数越多最终升级形态越强。
U005,水战士,WaterWarrior_T1,部队,不死,刺客,普通,210,30.33,103,360,256,近战,45,45,开战时隐身，偷袭敌方远程。,潜行,,,,,,伏击：战斗开始时隐身，偷袭远程目标，造成600%攻击力的技能伤害,,每波开始时遁地。在五秒后会破土而出，推荐建造于前线。
U006,持盾卫士,ShieldDefender,部队,人类,先锋,普通,640,14.55,87,340,240,近战,50,50,受到的远程伤害减少。,守护,,,,,,偏转：受到的远程单位伤害减少15%,重装战士（HeavilyArmedWarrior）,重装单位。受到的远程伤害减少。
U007,打手,SlaveLord_T1,部队,人类,战士,普通,340,16.57,92,340,256,近战,40,40,残血时攻速翻倍。,狂怒,,,,,,无拘之怒：当此单位的生命值低于50%的时候，攻击速度会提高80%,,重装单位。低生命值时攻击速度变快。
U008,维京战士,VikingWarrior,部队,人类,先锋,普通,250,5.63,92,340,240,近战,20,20,受到的伤害减少。,守护,,,,,,石肤术：受到的伤害减少20%,奴隶主（SlaveLord）,廉价的防御型单位
U009,黄鬃马,YellowManeHorse,部队,人类,守护者,普通,930,26.86,83,340,240,近战,80,80,让身边友军防御提高。,光环 · 守护,,,,,,厚皮：中范围光环，增加5%的防御,汗血马（SweatBloodHorse）,为周围的友方单位恢复法力。
U010,黄鬃马,YellowManeHorse_T1,部队,人类,守护者,普通,470,13.29,83,340,240,近战,40,40,让身边友军防御提高。,光环 · 守护,,,,,,厚皮：中范围光环，增加5%的防御,,为周围的友方单位恢复法力。
U011,鹰喙弓手,EagleBeakedArcher,部队,僵尸,射手,普通,270,36.14,83,280,600,远程,50,50,攻击会弹射到旁边的敌人。,刀锋,,,,,,水之弹射：每次攻击会额外弹射攻击附近小范围的1个敌人,投石弓手（CatapultArcher）,拥有弹射攻击。
U012,飞鹰,FlyingEagle,部队,僵尸,商人,普通,570,33.66,122,340,240,近战,85,85,死亡时掉落积分。,金币,,,,,,美味：死亡后，获得其最大生命值1%的积分,蓝龙（BlueDragon）,飞行单位。以阵风攻击敌人。
U013,蜥蜴,Lizard,部队,僵尸,射手,普通,110,10.16,116,280,600,远程,20,20,越打越快。,雷电,,,,,,发电机：每秒恢复1.2%的法力值，每10%的法力值增加10%的攻击速度,宝石蜥蜴（GemLizard）,存活时间越长，攻击速度越快。
U014,时之学徒,TimeMage_T1,部队,僵尸,法师,普通,260,29.01,87,250,880,远程,45,45,蓄满法力后召唤陨石砸单个敌人。,奥术,小行星：每秒恢复3%的法力值，法力值满后，对单个目标造成450%攻击力+ 1%自身最大生命值的技能伤害,敌人进入攻击范围,,,通用：螺旋聚气 → 爆散,小行星：每秒恢复3%的法力值，法力值满后，对单个目标造成450%攻击力+ 1%自身最大生命值的技能伤害,,光环单位。临近建造的单位法力恢复加快
U015,小野猪,BigWildBoar_T1,部队,兽人,先锋,普通,570,11.51,100,360,304,近战,45,45,开战时跳进敌群砸地。,冲锋,,,,,,奔踏：在战斗开始的时候跳向敌人，对中范围内的敌人造成2%自身最大生命值的技能伤害。,,重装单位。能冲锋进入战场造成溅射伤害
U016,沙漠信徒,DesertBeliever_T1,部队,兽人,牧师,普通,250,24.4,85,280,640,远程,40,40,蓄满法力后治疗一串友军。,治疗,治疗链：每秒恢复10%法力值，法力值满后，治疗1个友军生命值（160%攻击力），并弹射到2个附近的友军。,敌人进入攻击范围,,,通用：螺旋聚气 → 爆散,治疗链：每秒恢复10%法力值，法力值满后，治疗1个友军生命值（160%攻击力），并弹射到2个附近的友军。,,使用治疗链治疗多个友方单位。
U017,玉石虫,JadeBeast_T1,部队,兽人,商人,普通,200,14.58,100,320,256,近战,30,30,场上商人越多，积分倍率越高。,金币,,,,,,玉石共鸣：场上存在2个商人单位时，积分倍率+0.1；存在3个商人单位时，积分倍率再+0.1,,身上长着玉石的兽，同族越多越值钱。
U018,赤蠕虫,RedWorm,部队,兽人,商人,普通,70,4.29,108,340,240,近战,10,10,死亡时掉落积分。,金币,,,,,,美味：死亡后，获得其最大生命值1%的积分,镰刃虫（SickleWorm）,十分脆弱的高伤害单位。
U019,浪人,Ronin,部队,兽人,射手,普通,190,14.61,143,320,600,远程,35,35,越打越快。,迅捷,,,,,,超级杂技：每次攻击恢复2%法力值，每3.4%法力值增加5%的攻击速度,狂王（MadMonarch）,飞行单位。根据移动距离增加攻速。
U020,镰刃虫,SickleWorm,部队,兽人,先锋,普通,830,15.27,108,340,240,近战,65,65,反弹受到的伤害。,反伤,,,,,,倒刺：反弹自身最大生命值0.4%+10%所受攻击的伤害,,能让其不防守而去外出寻宝获得额外秘晶。
U021,蛇信徒,SnakeGodMessenger_T1,部队,兽人,牧师,普通,280,27.57,85,280,880,远程,45,45,开战时给最肉的友军加大量生命。,治疗,,,,,,盖亚之盾：战斗开始时，为生命值最高的单位增加200最大生命值，战斗结束后取消。可叠加。,,使用大地之灵祝福友方单位，增加其最大生命值。
U022,巨魔,Troll,部队,兽人,先锋,普通,1080,19.89,109,340,240,近战,85,85,持续回血。,治疗,,,,,,骸骨再生：每秒恢复3%已损失的生命值,"YellowDemon,GreenDemon",根据升级路径能选择更适于建造在更强或更弱的友方单位旁。
U023,沙漠弓手,DesertArcher,部队,恶魔,射手,普通,140,13.65,106,280,600,远程,25,25,每次攻击同时打中三个敌人。,刀锋,,,,,,幽灵尖叫：每次攻击会额外攻击目标附近小范围的2个单位，造成100%攻击力的技能伤害。无法对同一个单位造成多次伤害,幻影射手（FantasyShooter）,远程单位。能同时攻击三个敌人。
U024,火猪,FirePig,部队,恶魔,召唤师,普通,520,37.98,105,340,240,近战,80,80,开战时放出自爆步兵。,召唤,,,,,,装备手里剑：战斗开始前，5%概率增加1各自爆步兵，最大4个 战斗开始时，召唤所有自爆步兵，每个造成极小范围，100%攻击力的伤害,白牙（WhiteFang）,能使用黄金在下一波中装备手里剑强化其攻击。
U025,魂蛛,Spider,部队,恶魔,战士,普通,510,24.07,95,340,240,近战,60,60,身边敌人死亡时升级，越打越强。,成长,灵魂献祭：附近小范围敌人死亡时增加20%法力值，法力值满后升1级，最大7级，每级增加290最大生命值和15攻击力，满级后，附近小范围敌人死亡，恢复自身1%最大生命值,敌人进入攻击范围,,,暗影 → 光柱鼓舞（arcane）,灵魂献祭：附近小范围敌人死亡时增加20%法力值，法力值满后升1级，最大7级，每级增加290最大生命值和15攻击力，满级后，附近小范围敌人死亡，恢复自身1%最大生命值,,能主动发动灵魂祭品来永久提升它的数值。
U026,蝙蝠枪手,Bat_T1,部队,科技,射手,普通,220,22.44,105,280,640,远程,40,40,不停扫射附近的敌人。,刀锋,,,,,,机枪手：每0.5秒对附近大范围内的1个敌人造成40%攻击力的额外技能伤害,,飞行单位。拥有一个随机攻击地面单位的机枪手。
U027,蛮兵,Berserker_T1,部队,科技,战士,普通,380,8.46,204,320,408,近战,45,45,每次攻击连打三下。,迅捷,,,,,,部落战争：连击次数+1,,能量战刃使其拥有逐渐增强的攻击。
U028,角斗学徒,Gladiator_T1,部队,科技,刺客,普通,210,15.32,204,360,272,近战,45,45,盯住一个目标越打越痛。,刀锋,,,,,,决斗者：连续攻击同一个目标时，每次攻击额外造成15%攻击力的技能伤害，最多叠加20次,,防御型单位。但是拥有对单个单位逐渐提升伤害的它对首领单位十分有效。
U029,见习法师,MageApprentice,部队,科技,法师,普通,260,33.2,76,280,600,远程,45,45,蓄满法力后闪电连锁五个敌人。,雷电,闪电打击：每秒恢复18%法力值，法力值满后，释放闪电锁链，电击5个敌方单位，对每个敌人造成自身109%的攻击力 + 0.15%目标最大生命值的伤害,攻击范围内有 3 个以上敌人（只剩更少时也放）,,,闪电 → 闪电（frost）,闪电打击：每秒恢复18%法力值，法力值满后，释放闪电锁链，电击5个敌方单位，对每个敌人造成自身109%的攻击力 + 0.15%目标最大生命值的伤害,"CelestialMage,FlameMage",远程单位。拥有两条迥然不同的升级路线
U030,见习法师,MageApprentice_T1,部队,科技,法师,普通,230,29.66,76,280,600,远程,40,40,蓄满法力后闪电连锁五个敌人。,雷电,闪电打击：每秒恢复18%法力值，法力值满后，释放闪电锁链，电击4个敌方单位，对每个敌人造成自身90%的攻击力 + 0.1%目标最大生命值的伤害,敌人进入攻击范围,,,通用：螺旋聚气 → 爆散,闪电打击：每秒恢复18%法力值，法力值满后，释放闪电锁链，电击4个敌方单位，对每个敌人造成自身90%的攻击力 + 0.1%目标最大生命值的伤害,,远程单位。拥有两条迥然不同的升级路线
U031,长枪兵,Pikeman,部队,科技,先锋,普通,320,6.27,101,340,240,近战,25,25,受到的远程伤害减少。,守护,,,,,,偏转：受到的远程单位伤害减少15%,链甲枪兵（ChainmailPikeman）,飞行单位。能用黄金增强其在下一波的战斗力
U032,见习骑士,HolyLightKnight_T1,部队,精灵,圣骑士,普通,460,16.39,87,320,304,近战,45,45,半血上场，但快速回血。,治疗,,,,,,超级细胞再生：以60%的生命值开始战斗，但每秒恢复1%已损失的生命值,,飞行单位。成熟体的它伤害以及坦度都得到了提升。
U033,游侠,Ranger,部队,精灵,射手,普通,300,39.36,83,280,600,远程,55,55,每次攻击附带额外伤害。,刀锋,,,,,,精准：每次攻击，造成26%攻击力的额外技能伤害,死亡射手（DeathShooter）,远程单位。能增加首领单位受到的伤害
U034,游侠,Ranger_T1,部队,精灵,射手,普通,190,25.17,83,280,600,远程,35,35,每次攻击附带额外伤害。,刀锋,,,,,,精准：每次攻击，造成26%攻击力的额外技能伤害,,远程单位。能增加首领单位受到的伤害
U035,巫毒信徒,VoodooBeliever,部队,精灵,先锋,普通,250,5.24,99,340,240,近战,20,20,死亡时会对击杀者施加毒素。,亡语,,,,,,过敏反应：死亡时，对击杀者造成600%攻击力的技能伤害,巫毒守卫（VoodooGuard）,飞行单位。死亡时会对击杀者施加毒素。
U036,巫毒信徒,VoodooBeliever_T1,部队,精灵,先锋,普通,450,8.91,99,340,240,近战,35,35,死亡时会对击杀者施加毒素。,亡语,,,,,,过敏反应：死亡时，对击杀者造成600%攻击力的技能伤害,,飞行单位。死亡时会对击杀者施加毒素。
U037,咒刃学徒,CursedSwordsman_T1,部队,自然,守护者,普通,520,16.39,77,300,256,近战,45,45,蓄满法力后砸伤一片敌人并削弱其伤害。,刀锋,铁之冰雹：每秒恢复14%法力值，法力值满后，对目标小范围内的敌人造成60%攻击力x2的技能伤害，同时被击中的单位的伤害降低2，持续5秒，最多叠加10次,敌人进入攻击范围,,,通用：螺旋聚气 → 爆散,铁之冰雹：每秒恢复14%法力值，法力值满后，对目标小范围内的敌人造成60%攻击力x2的技能伤害，同时被击中的单位的伤害降低2，持续5秒，最多叠加10次,,重装型单位。间隙性散射出诅咒之剑，造成范围伤害。
U038,幼龙,GreenDragon_T1,部队,自然,牧师,普通,250,22.79,91,250,640,远程,40,40,用自己的生命治疗友军。,治疗,生命交换：每秒恢复14%法力值。法力值满时，消耗自身生命（243%攻击力），治疗1名友军（200%攻击力）。不会对拥有相似效果的单位释放。,敌人进入攻击范围,,,通用：螺旋聚气 → 爆散,生命交换：每秒恢复14%法力值。法力值满时，消耗自身生命（243%攻击力），治疗1名友军（200%攻击力）。不会对拥有相似效果的单位释放。,,以自身的生命力为代价治疗友军。
U039,影随从,ShadowSwordsman_T1,部队,自然,召唤师,普通,290,15.82,143,300,304,近战,45,45,每攻击几次召唤一个影子随从。,召唤,,,,,,暗影繁殖者：每7次攻击召唤一个随从，存在40秒。,,每次攻击时有几率复制自己。
U040,野法师,WildMage,部队,自然,法师,普通,90,8.1,100,340,240,近战,15,15,每次攻击溅射周围敌人。,刀锋,,,,,,飞叶快刀：每次攻击，对目标附近小范围的敌人造成100%攻击力的技能伤害,炮灰法师（CannonFodderMage）,能造成溅射伤害，其真正的力量隐藏于升级之后的形态。
U041,野法师,WildMage_T1,部队,自然,法师,普通,200,19.85,100,340,240,近战,35,35,每次攻击溅射周围敌人。,刀锋,,,,,,飞叶快刀：每次攻击，对目标附近小范围的敌人造成70%攻击力的技能伤害,,能造成溅射伤害，其真正的力量隐藏于升级之后的形态。
U042,野人祭司,WildManPriest,部队,自然,召唤师,普通,320,31.25,81,340,240,近战,50,50,死亡时召唤野人矛兵。,召唤,,,,,,迷你史莱姆：该单位死亡时，会召唤1个WildManSpearman,野人王（WildManKing）,死亡时，留下一个弱化的自己。
U043,黑剑,BlackSword,部队,虚空,刺客,普通,170,24.84,94,320,240,近战,35,35,攻击削弱目标防御，可叠加。,诅咒,,,,,,狼群：击中目标，降低目标5%防御，持续3秒，最多叠加12层,暗牙（DarkFang）,最好是成群结队地作战，而不是单打独斗。当多个嚎狼／阳牙攻击同一个目标时，会造成更多的伤害。
U044,黑剑,BlackSword_T1,部队,虚空,刺客,普通,190,29.03,94,320,240,近战,40,40,攻击削弱目标防御，可叠加。,诅咒,,,,,,狼群：击中目标，降低目标5%防御，持续3秒，最多叠加12层,,最好是成群结队地作战，而不是单打独斗。当多个嚎狼／阳牙攻击同一个目标时，会造成更多的伤害。
U045,小蟹巫,CrabWarlock_T1,部队,虚空,召唤师,普通,290,18.1,125,270,640,远程,45,45,蓄满法力后召唤小螃蟹。,召唤,召唤小螃蟹：每秒恢复2.5%法力值，法力值满后，召唤一只Crabling，持续40秒,敌人进入攻击范围,,,通用：螺旋聚气 → 爆散,召唤小螃蟹：每秒恢复2.5%法力值，法力值满后，召唤一只Crabling，持续40秒,,召唤一只小螃蟹来做它的脏活。
U046,暗牙,DarkFang_T1,部队,虚空,祭司,普通,260,21.21,94,290,272,近战,40,40,让身边友军伤害提高，但更脆。,光环 · 伤害,,,,,,领袖光环：使附近盟友的伤害和技能伤害提高10%，但受到的伤害也提高18%。不叠加。,,它的金色皮毛标志着它是最凶猛的掠食者。当多个嚎狼／阳牙攻击同一个目标时，会造成更多的伤害。
U047,哥布林直升机,GoblinCopter,部队,虚空,商人,普通,130,10.72,93,320,600,远程,20,20,死亡时掉落积分。,金币,,,,,,美味：死亡后，获得其最大生命值1%的积分,旋翼机（Whirlybird）,飞行单位。用双联炮攻击敌人。
U048,生命之苗,LifeTree_T1,部队,虚空,圣骑士,普通,460,17.83,80,280,304,近战,45,45,持续治疗身边的友军。,治疗,,,,,,奉献：每秒为附近小范围内的随机友军恢复4%的已损失生命值,,为建造于其后方的单位恢复生命值。
U049,巡逻机器人,Skybot_T1,部队,虚空,战士,普通,420,11.41,169,280,408,近战,50,50,每次攻击溅射周围敌人。,火焰,,,,,,火焰占卜：每次攻击，对目标附近中范围的敌人造成35%攻击力的技能伤害,,飞行单位。专为战斗而设计，其力量的增长与其升级后AI的凶猛程度相匹配。现在施加3层减益效果。
U050,维京海盗,VikingPirate,部队,虚空,商人,普通,540,46.27,83,340,240,近战,80,80,活过一场战斗就赚积分。,金币,,,,,,秘密储藏：战斗结束后，如果该单位存活，获得该单位1%*最大生命值的积分,暗影死神（ShadowGrimReaper）,拥有秘密贮藏，可以以更高的百分比价格出售。属性更低。
U051,海盗,VikingPirate_T1,部队,虚空,商人,普通,240,19.92,83,340,240,近战,35,35,活过一场战斗就赚积分。,金币,,,,,,秘密储藏：战斗结束后，如果该单位存活，获得该单位0.8%*最大生命值的积分,,拥有秘密贮藏，可以以更高的百分比价格出售。属性更低。
U052,翼虫,WarpWing_T1,部队,虚空,祭司,普通,290,16.28,139,300,640,远程,45,45,持续削弱周围敌人的伤害。,光环 · 削弱,,,,,,等离子衰减：中范围光环，每3秒使敌人的伤害降低1.5%，最多叠加20次。,,飞行单位。降低其目标的攻击伤害。
U053,骸骨弓手,Archer,部队,骷髅,射手,普通,350,41.17,95,280,600,远程,65,65,每箭附带火焰伤害，持续回血。,火焰,,,,,,"火焰箭：每次攻击消耗0.5%法力值，造成140%攻击力的额外技能伤害
骸骨再生：每秒恢复3%已损失的生命值",,远程单位。在被动恢复生命值的基础上可以使用法力值射出燃烧箭造成额外伤害。
U054,骸骨弓手,Archer_T1,部队,骷髅,射手,普通,220,24.8,95,280,600,远程,40,40,每箭附带火焰伤害。,火焰,,,,,,火焰箭：每次攻击消耗0.5%法力值，造成120%攻击力的额外技能伤害,,远程单位。在被动恢复生命值的基础上可以使用法力值射出燃烧箭造成额外伤害。
U055,血仆,BloodKnight_T1,部队,骷髅,守护者,普通,520,12.74,99,340,256,近战,45,45,让身边友军攻击吸血。,光环 · 吸血,,,,,,吸血：中范围光环，提供10%的吸血。,,光环单位。临近建造的单位获得吸血和法术吸血。
U056,逃兵,Deserter,部队,骷髅,先锋,普通,190,4.98,77,340,240,近战,15,15,持续回血。,治疗,,,,,,骸骨再生：每秒恢复3%已损失的生命值,"Archer,Mage,Warrior",被动恢复生命值。拥有三条升级路线使其可以适应多种情况。
U057,守卫,Guard,部队,骷髅,先锋,普通,510,11.17,91,340,240,近战,40,40,受到的伤害减少。,守护,,,,,,石肤术：受到的伤害减少20%,教堂守卫（ChurchGuard）,飞行单位。受到的伤害减少。
U058,锤卫,LionHammer_T1,部队,骷髅,圣骑士,普通,460,14.41,99,300,352,近战,45,45,让身边友军攻击大量吸血。,光环 · 吸血,,,,,,同类相食：中范围光环，提供10%的吸血。,,光环单位。拥有一个主动治疗技能且临近建造的单位获得吸血和法术吸血。
U059,骸骨术士,Mage_T1,部队,骷髅,祭司,普通,260,22.4,89,280,640,远程,40,40,让身边友军攻速提高。,光环 · 攻速,,,,,,充能：中范围光环，增加8%的攻击速度。,,可以为一名友方单位增加大量攻击速度。
U060,驯兽师,Summoner_T1,部队,骷髅,召唤师,普通,290,23.32,97,290,256,近战,45,45,蓄满法力后召唤灰狼。,召唤,召唤猎犬：每秒恢复5%法力值，法力值满后，召唤一只GrayWolf，持续40秒,敌人进入攻击范围,,,通用：螺旋聚气 → 爆散,召唤猎犬：每秒恢复5%法力值，法力值满后，召唤一只GrayWolf，持续40秒,,能召唤混沌猎犬作战。
U061,小公鸡,Chick_T2,部队,不死,商人,稀有,440,28.54,109,300,600,远程,65,65,死亡时掉落积分。,金币,,,,,,美味：死亡后，获得其最大生命值1.1%的积分,,飞行单位。能升级为两种不同的形态。
U062,老兵,FootSoldier_T2,部队,不死,先锋,稀有,1650,37.29,89,340,240,近战,130,130,受到的伤害减少。,守护,,,,,,石肤术：受到的伤害减少23%,,敌人死亡时积攒层数。层数越多最终升级形态越强。
U063,浪刃,WaterWarrior_T2,部队,不死,刺客,稀有,710,99.69,103,360,256,近战,150,150,开战时隐身，偷袭敌方远程。,潜行,,,,,,伏击：战斗开始时隐身，偷袭远程目标，造成700%攻击力的技能伤害,,每波开始时遁地。在五秒后会破土而出，推荐建造于前线。
U064,恶棍,SlaveLord_T2,部队,人类,战士,稀有,1100,54.11,92,340,256,近战,130,130,残血时攻速翻倍。,狂怒,,,,,,无拘之怒：当此单位的生命值低于50%的时候，攻击速度会提高90%,,重装单位。低生命值时攻击速度变快。
U065,骏马,YellowManeHorse_T2,部队,人类,守护者,稀有,1520,43.4,83,340,240,近战,130,130,让身边友军防御提高。,光环 · 守护,,,,,,厚皮：中范围光环，增加6%的防御,,为周围的友方单位恢复法力。
U066,时之术士,TimeMage_T2,部队,僵尸,法师,稀有,850,98.58,87,250,880,远程,150,150,蓄满法力后召唤陨石砸单个敌人。,奥术,小行星：每秒恢复3%的法力值，法力值满后，对单个目标造成500%攻击力+ 1.25%自身最大生命值的技能伤害,敌人进入攻击范围,,,通用：螺旋聚气 → 爆散,小行星：每秒恢复3%的法力值，法力值满后，对单个目标造成500%攻击力+ 1.25%自身最大生命值的技能伤害,,光环单位。临近建造的单位法力恢复加快
U067,野猪,BigWildBoar_T2,部队,兽人,先锋,稀有,1910,38.17,100,360,304,近战,150,150,开战时跳进敌群砸地。,冲锋,,,,,,奔踏：在战斗开始的时候跳向敌人，对中范围内的敌人造成2.3%自身最大生命值的技能伤害。,,重装单位。能冲锋进入战场造成溅射伤害
U068,沙漠行者,DesertBeliever_T2,部队,兽人,牧师,稀有,810,79.53,85,280,640,远程,130,130,蓄满法力后治疗一串友军。,治疗,治疗链：每秒恢复10%法力值，法力值满后，治疗1个友军生命值（180%攻击力），并弹射到3个附近的友军。,敌人进入攻击范围,,,通用：螺旋聚气 → 爆散,治疗链：每秒恢复10%法力值，法力值满后，治疗1个友军生命值（180%攻击力），并弹射到3个附近的友军。,,使用治疗链治疗多个友方单位。
U069,玉石兽,JadeBeast_T2,部队,兽人,商人,稀有,670,48.36,100,320,256,近战,100,100,场上商人越多，积分倍率越高。,金币,,,,,,玉石共鸣：场上存在2个商人单位时，积分倍率+0.1；存在3个商人单位时，积分倍率再+0.1,,身上长着玉石的兽，同族越多越值钱。
U070,蛇侍,SnakeGodMessenger_T2,部队,兽人,牧师,稀有,940,91.24,85,280,880,远程,150,150,开战时给最肉的友军加大量生命。,治疗,,,,,,盖亚之盾：战斗开始时，为生命值最高的单位增加400最大生命值，战斗结束后取消。可叠加。,,使用大地之灵祝福友方单位，增加其最大生命值。
U071,蝙蝠射手,Bat_T2,部队,科技,射手,稀有,700,74.5,105,280,640,远程,130,130,不停扫射附近的敌人。,刀锋,,,,,,机枪手：每0.5秒对附近大范围内的1个敌人造成45%攻击力的额外技能伤害,,飞行单位。拥有一个随机攻击地面单位的机枪手。
U072,蛮勇战士,Berserker_T2,部队,科技,战士,稀有,1270,28.14,204,320,408,近战,150,150,每次攻击连打三下。,迅捷,,,,,,部落战争：连击次数+1,,能量战刃使其拥有逐渐增强的攻击。
U073,角斗新星,Gladiator_T2,部队,科技,刺客,稀有,710,50.33,204,360,272,近战,150,150,盯住一个目标越打越痛。,刀锋,,,,,,决斗者：连续攻击同一个目标时，每次攻击额外造成18%攻击力的技能伤害，最多叠加20次,,防御型单位。但是拥有对单个单位逐渐提升伤害的它对首领单位十分有效。
U074,法师学徒,MageApprentice_T2,部队,科技,法师,稀有,740,97.36,76,280,600,远程,130,130,蓄满法力后闪电连锁五个敌人。,雷电,闪电打击：每秒恢复18%法力值，法力值满后，释放闪电锁链，电击5个敌方单位，对每个敌人造成自身100%的攻击力 + 0.13%目标最大生命值的伤害,敌人进入攻击范围,,,通用：螺旋聚气 → 爆散,闪电打击：每秒恢复18%法力值，法力值满后，释放闪电锁链，电击5个敌方单位，对每个敌人造成自身100%的攻击力 + 0.13%目标最大生命值的伤害,,远程单位。拥有两条迥然不同的升级路线
U075,骑士,HolyLightKnight_T2,部队,精灵,圣骑士,稀有,1530,54.77,87,320,304,近战,150,150,半血上场，但快速回血。,治疗,,,,,,超级细胞再生：以63%的生命值开始战斗，但每秒恢复1.2%已损失的生命值,,飞行单位。成熟体的它伤害以及坦度都得到了提升。
U076,林间游侠,Ranger_T2,部队,精灵,射手,稀有,620,83.27,83,280,600,远程,115,115,每次攻击附带额外伤害。,刀锋,,,,,,精准：每次攻击，造成30%攻击力的额外技能伤害,,远程单位。能增加首领单位受到的伤害
U077,巫毒侍从,VoodooBeliever_T2,部队,精灵,先锋,稀有,1460,29.65,99,340,240,近战,115,115,死亡时会对击杀者施加毒素。,亡语,,,,,,过敏反应：死亡时，对击杀者造成700%攻击力的技能伤害,,飞行单位。死亡时会对击杀者施加毒素。
U078,咒刃剑客,CursedSwordsman_T2,部队,自然,守护者,稀有,1750,54.1,77,300,256,近战,150,150,蓄满法力后砸伤一片敌人并削弱其伤害。,刀锋,铁之冰雹：每秒恢复14%法力值，法力值满后，对目标小范围内的敌人造成70%攻击力x2的技能伤害，同时被击中的单位的伤害降低3，持续5秒，最多叠加10次,敌人进入攻击范围,,,通用：螺旋聚气 → 爆散,铁之冰雹：每秒恢复14%法力值，法力值满后，对目标小范围内的敌人造成70%攻击力x2的技能伤害，同时被击中的单位的伤害降低3，持续5秒，最多叠加10次,,重装型单位。间隙性散射出诅咒之剑，造成范围伤害。
U079,小青龙,GreenDragon_T2,部队,自然,牧师,稀有,810,74.29,91,250,640,远程,130,130,用自己的生命治疗友军。,治疗,生命交换：每秒恢复14%法力值。法力值满时，消耗自身生命（243%攻击力），治疗1名友军（235%攻击力）。不会对拥有相似效果的单位释放。,敌人进入攻击范围,,,通用：螺旋聚气 → 爆散,生命交换：每秒恢复14%法力值。法力值满时，消耗自身生命（243%攻击力），治疗1名友军（235%攻击力）。不会对拥有相似效果的单位释放。,,以自身的生命力为代价治疗友军。
U080,影卫,ShadowSwordsman_T2,部队,自然,召唤师,稀有,970,52.56,143,300,304,近战,150,150,每攻击几次召唤一个影子随从。,召唤,,,,,,暗影繁殖者：每7次攻击召唤一个随从，存在40秒。,,每次攻击时有几率复制自己。
U081,林法师,WildMage_T2,部队,自然,法师,稀有,650,65.92,100,340,240,近战,115,115,每次攻击溅射周围敌人。,刀锋,,,,,,飞叶快刀：每次攻击，对目标附近小范围的敌人造成78%攻击力的技能伤害,,能造成溅射伤害，其真正的力量隐藏于升级之后的形态。
U082,黑刃,BlackSword_T2,部队,虚空,刺客,稀有,620,93.95,94,320,240,近战,130,130,攻击削弱目标防御，可叠加。,诅咒,,,,,,狼群：击中目标，降低目标6%防御，持续3秒，最多叠加12层,,最好是成群结队地作战，而不是单打独斗。当多个嚎狼／阳牙攻击同一个目标时，会造成更多的伤害。
U083,蟹巫学徒,CrabWarlock_T2,部队,虚空,召唤师,稀有,970,60.12,125,270,640,远程,150,150,蓄满法力后召唤小螃蟹。,召唤,召唤小螃蟹：每秒恢复2.75%法力值，法力值满后，召唤一只Crabling，持续40秒,敌人进入攻击范围,,,通用：螺旋聚气 → 爆散,召唤小螃蟹：每秒恢复2.75%法力值，法力值满后，召唤一只Crabling，持续40秒,,召唤一只小螃蟹来做它的脏活。
U084,暗牙卫士,DarkFang_T2,部队,虚空,祭司,稀有,840,69.35,94,290,272,近战,130,130,让身边友军伤害提高，但更脆。,光环 · 伤害,,,,,,领袖光环：使附近盟友的伤害和技能伤害提高13%，但受到的伤害也提高17%。不叠加。,,它的金色皮毛标志着它是最凶猛的掠食者。当多个嚎狼／阳牙攻击同一个目标时，会造成更多的伤害。
U085,生命之枝,LifeTree_T2,部队,虚空,圣骑士,稀有,1530,59.56,80,280,304,近战,150,150,持续治疗身边的友军。,治疗,,,,,,奉献：每秒为附近小范围内的随机友军恢复4.75%的已损失生命值,,为建造于其后方的单位恢复生命值。
U086,改装机器人,Skybot_T2,部队,虚空,战士,稀有,1390,37.55,169,280,408,近战,165,165,每次攻击溅射周围敌人。,火焰,,,,,,火焰占卜：每次攻击，对目标附近中范围的敌人造成40%攻击力的技能伤害,,飞行单位。专为战斗而设计，其力量的增长与其升级后AI的凶猛程度相匹配。现在施加3层减益效果。
U087,水手,VikingPirate_T2,部队,虚空,商人,稀有,770,67.05,83,340,240,近战,115,115,活过一场战斗就赚积分。,金币,,,,,,秘密储藏：战斗结束后，如果该单位存活，获得该单位0.9%*最大生命值的积分,,拥有秘密贮藏，可以以更高的百分比价格出售。属性更低。
U088,翼兽,WarpWing_T2,部队,虚空,祭司,稀有,970,54.07,139,300,640,远程,150,150,持续削弱周围敌人的伤害。,光环 · 削弱,,,,,,等离子衰减：中范围光环，每3秒使敌人的伤害降低1.75%，最多叠加23次。,,飞行单位。降低其目标的攻击伤害。
U089,骸骨猎手,Archer_T2,部队,骷髅,射手,稀有,700,82.34,95,280,600,远程,130,130,每箭附带火焰伤害。,火焰,,,,,,火焰箭：每次攻击消耗0.5%法力值，造成135%攻击力的额外技能伤害,,远程单位。在被动恢复生命值的基础上可以使用法力值射出燃烧箭造成额外伤害。
U090,血卫,BloodKnight_T2,部队,骷髅,守护者,稀有,1750,42.08,99,340,256,近战,150,150,让身边友军攻击吸血。,光环 · 吸血,,,,,,吸血：中范围光环，提供13%的吸血。,,光环单位。临近建造的单位获得吸血和法术吸血。
U091,重锤卫,LionHammer_T2,部队,骷髅,圣骑士,稀有,1530,48.13,99,300,352,近战,150,150,让身边友军攻击大量吸血。,光环 · 吸血,,,,,,同类相食：中范围光环，提供13%的吸血。,,光环单位。拥有一个主动治疗技能且临近建造的单位获得吸血和法术吸血。
U092,骸骨学徒,Mage_T2,部队,骷髅,祭司,稀有,840,73.24,89,280,640,远程,130,130,让身边友军攻速提高。,光环 · 攻速,,,,,,充能：中范围光环，增加9%的攻击速度。,,可以为一名友方单位增加大量攻击速度。
U093,驯兽大师,Summoner_T2,部队,骷髅,召唤师,稀有,970,77.48,97,290,256,近战,150,150,蓄满法力后召唤灰狼。,召唤,召唤猎犬：每秒恢复6%法力值，法力值满后，召唤一只GrayWolf，持续40秒,敌人进入攻击范围,,,通用：螺旋聚气 → 爆散,召唤猎犬：每秒恢复6%法力值，法力值满后，召唤一只GrayWolf，持续40秒,,能召唤混沌猎犬作战。
U094,斗鸡,Chick_T3,部队,不死,商人,史诗,1450,94.76,109,300,600,远程,215,215,死亡时掉落积分，活过一场战斗就赚积分。,金币,,,,,,"美味：死亡后，获得其最大生命值1.2%的积分
秘密储藏：战斗结束后，如果该单位存活，获得该单位0.5%*最大生命值的积分",,飞行单位。能升级为两种不同的形态。
U095,盾兵,FootSoldier_T3,部队,不死,先锋,史诗,5470,123.06,89,340,240,近战,430,430,受到的伤害减少，受到的远程伤害减少。,守护,,,,,,"石肤术：受到的伤害减少25%
偏转：受到的远程单位伤害减少15%",,敌人死亡时积攒层数。层数越多最终升级形态越强。
U096,食人魔,Ogre,部队,不死,先锋,史诗,1850,43.32,85,320,256,近战,145,145,开战时可能硬化，防御提高。,守护,,,,,,硬化：战斗开始时，25%的概率+17.5%的防御,"BrownBear,Commander",格拉尔秘制烤肉让其能以较高的价格出售
U097,公鸡,Rooster,部队,不死,先锋,史诗,1020,22.34,91,320,256,近战,80,80,受到的远程伤害减少。,守护,,,,,,偏转：受到的远程单位伤害减少15%,,飞行单位。近战重装单位。可以适应为塞拉芬。
U098,火鸡,Turkey,部队,不死,商人,史诗,540,35.23,109,300,640,远程,80,80,死亡时掉落积分。,金币,,,,,,美味：死亡后，获得其最大生命值1%的积分,,飞行单位。远程伤害单位。能转换成近战防御形态的恶魔鱼
U099,水战士,WaterWarrior,部队,不死,刺客,史诗,430,59.25,103,360,256,近战,90,90,开战时隐身，偷袭敌方远程。,潜行,,,,,,伏击：战斗开始时隐身，偷袭远程目标，造成800%攻击力的技能伤害,不朽蓝魔（ImmortalBlueDemon）,每波开始时遁地。在五秒后会破土而出，推荐建造于前线。
U100,潮刃刺客,WaterWarrior_T3,部队,不死,刺客,史诗,2360,326.59,103,360,256,近战,495,495,开战时隐身，偷袭敌方远程，常常闪避攻击。,潜行,,,,,,"伏击：战斗开始时隐身，偷袭远程目标，造成800%攻击力的技能伤害
敏捷之足：闪避率+15%",,每波开始时遁地。在五秒后会破土而出，推荐建造于前线。
U101,精英猎手,EliteHunter,部队,人类,射手,史诗,780,82.39,106,280,640,远程,145,145,每次攻击同时射中三个敌人。,刀锋,,,,,,多重射击：每次攻击会额外攻击目标附近小范围的2个单位，造成100%攻击力的技能伤害。无法对同一个单位造成多次伤害,暗夜射手（NightArcher）,每次攻击射出四发箭矢。
U102,奴隶主,SlaveLord,部队,人类,战士,史诗,630,31.44,92,340,256,近战,75,75,残血时攻速翻倍。,狂怒,,,,,,无拘之怒：当此单位的生命值低于50%的时候，攻击速度会提高100%,,重装单位。低生命值时攻击速度变快。
U103,奴隶主,SlaveLord_T3,部队,人类,战士,史诗,3630,179.39,92,340,256,近战,430,430,残血时攻速翻倍，持续回血。,狂怒,,,,,,"无拘之怒：当此单位的生命值低于50%的时候，攻击速度会提高100%
骸骨再生：每秒恢复2%已损失的生命值",,重装单位。低生命值时攻击速度变快。
U104,战马,YellowManeHorse_T3,部队,人类,守护者,史诗,5020,143.78,83,340,240,近战,430,430,让身边友军防御提高，持续回血。,光环 · 守护,,,,,,"厚皮：中范围光环，增加7%的防御
骸骨再生：每秒恢复2%已损失的生命值",,为周围的友方单位恢复法力。
U105,宝石蜥蜴,GemLizard,部队,僵尸,射手,史诗,380,36.02,116,280,640,远程,70,70,越打越快。,雷电,,,,,,超级发电机：每秒恢复1.9%的法力值，每10%的法力值增加10%的攻击速度,,电力充能，全面升级。
U106,铁甲战士,IroncladWarrior,部队,僵尸,先锋,史诗,1780,48.21,74,340,256,近战,140,140,开战时可能硬化，防御提高。,守护,,,,,,硬化：战斗开始时，25%的概率+17.5%的防御,钢铁军阀（SteelWarlord）,重装单位。能以下一波之后虚弱一波的代价发动硬化，在下一波中提高伤害抗性。
U107,时间法师,TimeMage_T3,部队,僵尸,法师,史诗,2820,323.58,87,250,880,远程,495,495,蓄满法力后召唤陨石砸单个敌人，让身边友军法力恢复更快。,奥术,小行星：每秒恢复3%的法力值，法力值满后，对单个目标造成550%攻击力+ 1.5%自身最大生命值的技能伤害,敌人进入攻击范围,,,通用：螺旋聚气 → 爆散,"小行星：每秒恢复3%的法力值，法力值满后，对单个目标造成550%攻击力+ 1.5%自身最大生命值的技能伤害
魔法增幅：中范围光环，范围内友军法力恢复速度增加15%",,光环单位。临近建造的单位法力恢复加快
U108,獠牙野猪,BigWildBoar_T3,部队,兽人,先锋,史诗,6300,126.01,100,360,304,近战,495,495,开战时跳进敌群砸地，反弹受到的伤害。,冲锋,,,,,,"奔踏：在战斗开始的时候跳向敌人，对中范围内的敌人造成2.6%自身最大生命值的技能伤害。
倒刺：反弹自身最大生命值0.4%+10%所受攻击的伤害",,重装单位。能冲锋进入战场造成溅射伤害
U109,沙漠信徒,DesertBeliever,部队,兽人,牧师,史诗,840,82.7,85,280,640,远程,135,135,蓄满法力后治疗一串友军。,治疗,治疗链：每秒恢复10%法力值，法力值满后，治疗1个友军生命值（200%攻击力），并弹射到3个附近的友军。,有友军生命低于 70%,,,十字光点 → 十字光点（green）,治疗链：每秒恢复10%法力值，法力值满后，治疗1个友军生命值（200%攻击力），并弹射到3个附近的友军。,蛇神使者（SnakeGodMessenger）,使用治疗链治疗多个友方单位。
U110,沙海祭司,DesertBeliever_T3,部队,兽人,牧师,史诗,2680,262.98,85,280,640,远程,430,430,蓄满法力后治疗一串友军，持续回血。,治疗,治疗链：每秒恢复10%法力值，法力值满后，治疗1个友军生命值（200%攻击力），并弹射到3个附近的友军。,敌人进入攻击范围,,,通用：螺旋聚气 → 爆散,"治疗链：每秒恢复10%法力值，法力值满后，治疗1个友军生命值（200%攻击力），并弹射到3个附近的友军。
骸骨再生：每秒恢复2%已损失的生命值",,使用治疗链治疗多个友方单位。
U111,宝玉兽,JadeBeast,部队,兽人,商人,史诗,900,29.16,100,320,256,近战,90,90,场上商人越多，积分倍率越高。,金币,,,,,,玉石共鸣：场上存在2个商人单位时，积分倍率+0.1；存在3个商人单位时，积分倍率再+0.1,,身上长着玉石的兽，同行越多越值钱。
U112,宝玉兽,JadeBeast_T3,部队,兽人,商人,史诗,2220,158.94,100,320,256,近战,330,330,场上商人越多，积分倍率越高，死亡时掉落积分。,金币,,,,,,"玉石共鸣：场上存在2个商人单位时，积分倍率+0.1；存在3个商人单位时，积分倍率再+0.1
美味：死亡后，获得其最大生命值1%的积分",,身上长着玉石的兽，同族越多越值钱。
U113,蛇神祭司,SnakeGodMessenger_T3,部队,兽人,牧师,史诗,3090,302.26,85,280,880,远程,495,495,开战时给最肉的友军加大量生命，蓄满法力后治疗一串友军。,治疗,治疗链：每秒恢复8%法力值，法力值满后，治疗1个友军生命值（120%攻击力），并弹射到2个附近的友军。,敌人进入攻击范围,,,通用：螺旋聚气 → 爆散,"盖亚之盾：战斗开始时，为生命值最高的单位增加600最大生命值，战斗结束后取消。可叠加。
治疗链：每秒恢复8%法力值，法力值满后，治疗1个友军生命值（120%攻击力），并弹射到2个附近的友军。",,使用大地之灵祝福友方单位，增加其最大生命值。
U114,先祖战士,AncestorWarrior,部队,恶魔,先锋,史诗,1590,24.12,132,370,256,近战,125,125,死后很快复活，并且更快。,复生,,,,,,浅坟：死亡1.5秒后复活，并增加50%的攻击速度。,灵魂战士（SoulWarrior）,能死后复生的单位。
U115,幻影射手,FantasyShooter,部队,恶魔,射手,史诗,380,41.37,101,280,640,远程,70,70,每次攻击同时打中三个敌人。,刀锋,,,,,,幽灵尖叫：每次攻击会额外攻击目标附近小范围的2个单位，造成100%攻击力的技能伤害。无法对同一个单位造成多次伤害,烈焰射手（BlazingShooter）,崭新的面具为她带来了更加强大的力量
U116,机枪蝠,Bat,部队,科技,射手,史诗,490,51.01,105,280,640,远程,90,90,不停扫射附近的敌人。,刀锋,,,,,,机枪手：每0.5秒对附近大范围内的1个敌人造成50%攻击力的额外技能伤害,吸血蝠（VampireBat）,飞行单位。拥有一个随机攻击地面单位的机枪手。
U117,机枪蝠,Bat_T3,部队,科技,射手,史诗,2320,245.93,105,280,640,远程,430,430,不停扫射附近的敌人，越打越快。,刀锋,,,,,,"机枪手：每0.5秒对附近大范围内的1个敌人造成50%攻击力的额外技能伤害
超级杂技：每次攻击恢复2%法力值，每3.4%法力值增加5%的攻击速度",,飞行单位。拥有一个随机攻击地面单位的机枪手。
U118,狂战士,Berserker_T3,部队,科技,战士,史诗,4180,93.1,204,320,408,近战,495,495,每次攻击连打三下，残血时攻速翻倍。,迅捷,,,,,,"部落战争：连击次数+1
无拘之怒：当此单位的生命值低于50%的时候，攻击速度会提高50%",,能量战刃使其拥有逐渐增强的攻击。
U119,链甲枪兵,ChainmailPikeman,部队,科技,先锋,史诗,1150,20.94,109,340,256,近战,90,90,开战时可能硬化，防御提高。,守护,,,,,,硬化：战斗开始时，25%的概率+17.5%的防御,,不再是飞行单位。综合性能更强的战斗装甲
U120,角斗士,Gladiator_T3,部队,科技,刺客,史诗,2360,164.9,204,360,272,近战,495,495,盯住一个目标越打越痛，攻击削弱目标防御，可叠加。,刀锋,,,,,,"决斗者：连续攻击同一个目标时，每次攻击额外造成20%攻击力的技能伤害，最多叠加20次
狼群：击中目标，降低目标3%防御，持续3秒，最多叠加12层",,防御型单位。但是拥有对单个单位逐渐提升伤害的它对首领单位十分有效。
U121,法师,MageApprentice_T3,部队,科技,法师,史诗,2450,321.74,76,280,600,远程,430,430,蓄满法力后闪电连锁五个敌人，让身边友军法力恢复更快。,雷电,闪电打击：每秒恢复18%法力值，法力值满后，释放闪电锁链，电击5个敌方单位，对每个敌人造成自身109%的攻击力 + 0.15%目标最大生命值的伤害,敌人进入攻击范围,,,通用：螺旋聚气 → 爆散,"闪电打击：每秒恢复18%法力值，法力值满后，释放闪电锁链，电击5个敌方单位，对每个敌人造成自身109%的攻击力 + 0.15%目标最大生命值的伤害
魔法增幅：中范围光环，范围内友军法力恢复速度增加15%",,远程单位。拥有两条迥然不同的升级路线
U122,巫师,Wizard,部队,科技,祭司,史诗,970,59.18,127,280,640,远程,150,150,让身边友军攻速提高。,光环 · 攻速,,,,,,充能：中范围光环，增加10%的攻击速度。,监工（Supervisor）,光环单位。临近建造的单位获得攻击速度加成。
U123,翡翠龙,EmeraldDragon,部队,精灵,先锋,史诗,1650,33.19,100,270,256,近战,130,130,散发芬芳，持续伤害身边的敌人。,毒,,,,,,芬芳：对附近小范围的敌人造成0.66%*自身最大生命值 + 0.02%目标最大生命值的技能伤害,毒龙（PoisonDragon）,拥有能对周围敌人造成慢性伤害的香气
U124,圣光骑士,HolyLightKnight_T3,部队,精灵,圣骑士,史诗,5040,181.05,87,320,304,近战,495,495,半血上场，但快速回血，持续治疗身边的友军。,治疗,,,,,,"超级细胞再生：以65%的生命值开始战斗，但每秒恢复1.4%已损失的生命值
奉献：每秒为附近小范围内的随机友军恢复3%的已损失生命值",,飞行单位。成熟体的它伤害以及坦度都得到了提升。
U125,猎手,Ranger_T3,部队,精灵,射手,史诗,2050,274.97,83,280,600,远程,380,380,每次攻击附带额外伤害，攻击会弹射到旁边的敌人。,刀锋,,,,,,"精准：每次攻击，造成34%攻击力的额外技能伤害
水之弹射：每次攻击会额外弹射攻击附近小范围的1个敌人",,远程单位。能增加首领单位受到的伤害
U126,赤卫,RedGuard,部队,精灵,先锋,史诗,1210,28.43,85,340,256,近战,95,95,半血上场，但持续回血。,治疗,,,,,,细胞再生：以60%的生命值开始战斗，但每秒恢复0.6%已损失的生命值,圣光骑士（HolyLightKnight）,波次开始时只有最大值一半的生命，但是能缓慢再生。
U127,巫毒守卫,VoodooBeliever_T3,部队,精灵,先锋,史诗,4840,97.64,99,340,240,近战,380,380,死亡时会对击杀者施加毒素，持续回血。,亡语,,,,,,"过敏反应：死亡时，对击杀者造成800%攻击力的技能伤害
骸骨再生：每秒恢复2%已损失的生命值",,飞行单位。死亡时会对击杀者施加毒素。
U128,巫毒守卫,VoodooGuard,部队,精灵,先锋,史诗,1080,21.89,99,320,256,近战,85,85,死亡时会对击杀者施加剧毒。,亡语,,,,,,副过敏反应：死亡时，对击杀者造成640%攻击力的技能伤害,,飞行单位。其爪子以及甲壳都让其战斗力更加强大。毒素浓度也得到了提升。
U129,炮灰法师,CannonFodderMage,部队,自然,商人,史诗,570,36.67,112,300,640,远程,85,85,死亡时掉落积分。,金币,,,,,,早期收获：该单位死亡时，获得最大生命值1%的积分,法师英雄（MageHero）,其神秘的球茎在死亡时能产出少量的秘晶。
U130,诅咒剑士,CursedSwordsman,部队,自然,守护者,史诗,1520,46.78,77,300,256,近战,130,130,蓄满法力后砸伤一片敌人并削弱其伤害。,刀锋,铁之冰雹：每秒恢复14%法力值，法力值满后，对目标小范围内的敌人造成80%攻击力x2的技能伤害，同时被击中的单位的伤害降低2，持续5秒，最多叠加10次,射程内的目标附近有 2 个以上敌人扎堆（只剩更少时也放）,,,螺旋聚气 → 落刃（steel）,铁之冰雹：每秒恢复14%法力值，法力值满后，对目标小范围内的敌人造成80%攻击力x2的技能伤害，同时被击中的单位的伤害降低2，持续5秒，最多叠加10次,苦痛盾卫（AgonyShieldDefender）,重装型单位。间隙性散射出诅咒之剑，造成范围伤害。
U131,诅咒剑士,CursedSwordsman_T3,部队,自然,守护者,史诗,5770,178.69,77,300,256,近战,495,495,蓄满法力后砸伤一片敌人并削弱其伤害，让身边友军防御提高。,刀锋,铁之冰雹：每秒恢复14%法力值，法力值满后，对目标小范围内的敌人造成80%攻击力x2的技能伤害，同时被击中的单位的伤害降低3，持续5秒，最多叠加10次,敌人进入攻击范围,,,通用：螺旋聚气 → 爆散,"铁之冰雹：每秒恢复14%法力值，法力值满后，对目标小范围内的敌人造成80%攻击力x2的技能伤害，同时被击中的单位的伤害降低3，持续5秒，最多叠加10次
厚皮：中范围光环，增加4%的防御",,重装型单位。间隙性散射出诅咒之剑，造成范围伤害。
U132,青龙,GreenDragon,部队,自然,牧师,史诗,590,54.46,91,250,640,远程,95,95,用自己的生命治疗友军。,治疗,生命交换：每秒恢复14%法力值。法力值满时，消耗自身生命（243%攻击力），治疗1名友军（270%攻击力）。不会对拥有相似效果的单位释放。,有友军生命低于 60%，且自己生命高于 50%,,,十字光点 → 十字光点（green）,生命交换：每秒恢复14%法力值。法力值满时，消耗自身生命（243%攻击力），治疗1名友军（270%攻击力）。不会对拥有相似效果的单位释放。,天龙（SkyDragon）,以自身的生命力为代价治疗友军。
U133,青龙,GreenDragon_T3,部队,自然,牧师,史诗,2680,245.64,91,250,640,远程,430,430,用自己的生命治疗友军，持续回血。,治疗,生命交换：每秒恢复14%法力值。法力值满时，消耗自身生命（243%攻击力），治疗1名友军（270%攻击力）。不会对拥有相似效果的单位释放。,敌人进入攻击范围,,,通用：螺旋聚气 → 爆散,"生命交换：每秒恢复14%法力值。法力值满时，消耗自身生命（243%攻击力），治疗1名友军（270%攻击力）。不会对拥有相似效果的单位释放。
骸骨再生：每秒恢复2%已损失的生命值",,以自身的生命力为代价治疗友军。
U134,影剑士,ShadowSwordsman_T3,部队,自然,召唤师,史诗,3210,172.95,143,300,304,近战,495,495,每攻击几次召唤一个影子随从，常常闪避攻击。,召唤,,,,,,"暗影繁殖者：每6次攻击召唤一个随从，存在40秒。
敏捷之足：闪避率+10%",,每次攻击时有几率复制自己。
U135,叶刃法师,WildMage_T3,部队,自然,法师,史诗,2160,216.6,100,340,240,近战,380,380,每次攻击溅射周围敌人，击杀时引发爆炸。,刀锋,,,,,,"飞叶快刀：每次攻击，对目标附近小范围的敌人造成85%攻击力的技能伤害
爆炸炮弹：击杀目标时，对目标附近(中范围)敌人造成30%攻击力的技能伤害",,能造成溅射伤害，其真正的力量隐藏于升级之后的形态。
U136,暗刃,BlackSword_T3,部队,虚空,刺客,史诗,2050,310.89,94,320,240,近战,430,430,攻击削弱目标防御，可叠加，常常闪避攻击。,诅咒,,,,,,"狼群：击中目标，降低目标6%防御，持续3秒，最多叠加12层
敏捷之足：闪避率+15%",,最好是成群结队地作战，而不是单打独斗。当多个嚎狼／阳牙攻击同一个目标时，会造成更多的伤害。
U137,蟹术士,CrabWarlock,部队,虚空,召唤师,史诗,910,55.83,125,270,640,远程,140,140,蓄满法力后召唤小螃蟹。,召唤,召唤小螃蟹：每秒恢复2.5%法力值，法力值满后，召唤一只Crabling，持续40秒,有敌人逼近到 600 以内,,,法阵 → 法阵（sea）,召唤小螃蟹：每秒恢复2.5%法力值，法力值满后，召唤一只Crabling，持续40秒,蟹巫（Crabomancer）,召唤一只小螃蟹来做它的脏活。
U138,蟹术士,CrabWarlock_T3,部队,虚空,召唤师,史诗,3210,197.85,125,270,640,远程,495,495,蓄满法力后召唤小螃蟹，击杀时回复法力。,召唤,召唤小螃蟹：每秒恢复3%法力值，法力值满后，召唤一只Crabling，持续40秒,敌人进入攻击范围,,,通用：螺旋聚气 → 爆散,"召唤小螃蟹：每秒恢复3%法力值，法力值满后，召唤一只Crabling，持续40秒
智力：击杀单位时恢复5%的最大法力值",,召唤一只小螃蟹来做它的脏活。
U139,暗牙督军,DarkFang_T3,部队,虚空,祭司,史诗,2790,228.43,94,290,272,近战,430,430,让身边友军伤害提高，但更脆，持续回血。,光环 · 伤害,,,,,,"领袖光环：使附近盟友的伤害和技能伤害提高15%，但受到的伤害也提高16%。不叠加。
骸骨再生：每秒恢复2%已损失的生命值",,它的金色皮毛标志着它是最凶猛的掠食者。当多个嚎狼／阳牙攻击同一个目标时，会造成更多的伤害。
U140,地主,Landlord,部队,虚空,商人,史诗,640,48.61,94,300,640,远程,95,95,活过一场战斗就赚积分，开战时可能加速。,金币,,,,,,"激进投资组合：战斗结束后，如果该单位存活，获得该单位0.9%*最大生命值的积分
卖空：战斗开始时，25%概率，本场增加10%的攻击速度",金手（GoldenHand）,每波存活后都会获得越来越多的额外积分，但若它死亡，奖励会大幅度下降。
U141,生命树,LifeTree_T3,部队,虚空,圣骑士,史诗,5040,196.9,80,280,304,近战,495,495,持续治疗身边的友军，持续回血。,治疗,,,,,,"奉献：每秒为附近小范围内的随机友军恢复5.5%的已损失生命值
骸骨再生：每秒恢复2%已损失的生命值",,为建造于其后方的单位恢复生命值。
U142,北极熊,PolarBear,部队,虚空,先锋,史诗,1270,32.29,79,300,256,近战,100,100,刚招募时更强，之后慢慢变弱。,成长,,,,,,繁茂：招募时+20%的攻击力和防御力，每场战斗结束后效果-5%，直到加成消失,"BlackBear,LifeTree",建造后获得额外属性，在之后的几波中慢慢失去该加成。
U143,战斗机器人,Skybot_T3,部队,虚空,战士,史诗,4600,123.79,169,280,408,近战,545,545,每次攻击溅射周围敌人，攻击削弱目标防御。,火焰,,,,,,"火焰占卜：每次攻击，对目标附近中范围的敌人造成45%攻击力的技能伤害
电磁脉冲：击中目标，降低目标1%防御，持续3秒，最多15次。",,飞行单位。专为战斗而设计，其力量的增长与其升级后AI的凶猛程度相匹配。现在施加3层减益效果。
U144,维京海盗,VikingPirate_T3,部队,虚空,商人,史诗,2560,220.19,83,340,240,近战,380,380,活过一场战斗就赚积分，开战时可能加速。,金币,,,,,,"秘密储藏：战斗结束后，如果该单位存活，获得该单位1%*最大生命值的积分
卖空：战斗开始时，25%概率，本场增加10%的攻击速度",,拥有秘密贮藏，可以以更高的百分比价格出售。属性更低。
U145,曲速之翼,WarpWing,部队,虚空,祭司,史诗,940,52.14,139,300,640,远程,145,145,持续削弱周围敌人的伤害。,光环 · 削弱,,,,,,等离子衰减：中范围光环，每3秒使敌人的伤害降低2%，最多叠加25次。,虚空魔鬼鱼（VoidManta）,飞行单位。降低其目标的攻击伤害。
U146,曲速之翼,WarpWing_T3,部队,虚空,祭司,史诗,3210,177.92,139,300,640,远程,495,495,持续削弱周围敌人的伤害，常常闪避攻击。,光环 · 削弱,,,,,,"等离子衰减：中范围光环，每3秒使敌人的伤害降低2%，最多叠加25次。
敏捷之足：闪避率+10%",,飞行单位。降低其目标的攻击伤害。
U147,旋翼机,Whirlybird,部队,虚空,射手,史诗,540,64.52,93,300,640,远程,100,100,每打几下或击杀后来一发重炮。,火焰,,,,,,巨型爆能枪：每3次攻击或每次击杀时，下一次攻击会额外造成175%攻击力的技能伤害,,飞行单位。抛弃了它那无力的双联炮，换上了一门巨大的火箭发射器。每隔几次攻击就造成额外伤害。
U148,骸骨射手,Archer_T3,部队,骷髅,射手,史诗,2320,271.81,95,280,600,远程,430,430,每箭附带火焰伤害，持续回血。,火焰,,,,,,"火焰箭：每次攻击消耗0.5%法力值，造成150%攻击力的额外技能伤害
骸骨再生：每秒恢复2%已损失的生命值",,远程单位。在被动恢复生命值的基础上可以使用法力值射出燃烧箭造成额外伤害。
U149,血骑士,BloodKnight,部队,骷髅,守护者,史诗,1750,42.08,99,340,256,近战,150,150,让身边友军攻击吸血。,光环 · 吸血,,,,,,吸血：中范围光环，提供20%的吸血。,狮锤（LionHammer）,光环单位。临近建造的单位获得吸血和法术吸血。
U150,血骑士,BloodKnight_T3,部队,骷髅,守护者,史诗,5770,138.98,99,340,256,近战,495,495,让身边友军攻击吸血，让身边友军防御提高。,光环 · 吸血,,,,,,"吸血：中范围光环，提供15%的吸血。
厚皮：中范围光环，增加4%的防御",,光环单位。临近建造的单位获得吸血和法术吸血。
U151,狮锤,LionHammer_T3,部队,骷髅,圣骑士,史诗,5040,159.11,99,300,352,近战,495,495,让身边友军攻击大量吸血，蓄满法力后给一名友军回血。,光环 · 吸血,颅骨炖汤：每秒恢复13%法力值，法力值满后，恢复1个友军8%最大生命值,敌人进入攻击范围,,,通用：螺旋聚气 → 爆散,"同类相食：中范围光环，提供15%的吸血。
颅骨炖汤：每秒恢复13%法力值，法力值满后，恢复1个友军8%最大生命值",,光环单位。拥有一个主动治疗技能且临近建造的单位获得吸血和法术吸血。
U152,骸骨法师,Mage,部队,骷髅,祭司,史诗,520,44.81,89,280,640,远程,80,80,让身边友军攻速提高。,光环 · 攻速,,,,,,充能：中范围光环，增加10%的攻击速度。,,可以为一名友方单位增加大量攻击速度。
U153,骸骨法师,Mage_T3,部队,骷髅,祭司,史诗,2790,241.26,89,280,640,远程,430,430,让身边友军攻速提高，持续回血。,光环 · 攻速,,,,,,"充能：中范围光环，增加10%的攻击速度。
骸骨再生：每秒恢复2%已损失的生命值",,可以为一名友方单位增加大量攻击速度。
U154,召唤师,Summoner,部队,骷髅,召唤师,史诗,650,51.39,97,290,256,近战,100,100,蓄满法力后召唤灰狼。,召唤,召唤猎犬：每秒恢复5%法力值，法力值满后，召唤一只GrayWolf，持续40秒,有敌人逼近到 600 以内,,,法阵 → 法阵（iron）,召唤猎犬：每秒恢复5%法力值，法力值满后，召唤一只GrayWolf，持续40秒,糖果女孩（CandyGirl）,能召唤混沌猎犬作战。
U155,召唤师,Summoner_T3,部队,骷髅,召唤师,史诗,3210,254.96,97,290,256,近战,495,495,蓄满法力后召唤灰狼，击杀时回复法力。,召唤,召唤猎犬：每秒恢复6%法力值，法力值满后，召唤一只GrayWolf，持续40秒,敌人进入攻击范围,,,通用：螺旋聚气 → 爆散,"召唤猎犬：每秒恢复6%法力值，法力值满后，召唤一只GrayWolf，持续40秒
智力：击杀单位时恢复5%的最大法力值",,能召唤混沌猎犬作战。
U156,骸骨武士,Warrior,部队,骷髅,先锋,史诗,1210,23.24,104,340,256,近战,95,95,持续回血。,治疗,,,,,,骸骨再生：每秒恢复3%已损失的生命值,,唯一一个重装骷髅。生命值越低，生命恢复速度越快。
U157,金冠鸡,Chick_T4,部队,不死,商人,传说,4780,313.48,109,300,600,远程,710,710,死亡时掉落积分，活过一场战斗就赚积分。,金币,,,,,,"美味：死亡后，获得其最大生命值1.5%的积分
秘密储藏：战斗结束后，如果该单位存活，获得该单位0.8%*最大生命值的积分",,飞行单位。能升级为两种不同的形态。
U158,铁壁卫士,FootSoldier_T4,部队,不死,先锋,传说,18070,406.23,89,340,240,近战,1420,1420,受到的伤害减少，受到的远程伤害减少。,守护,,,,,,"石肤术：受到的伤害减少30%
偏转：受到的远程单位伤害减少20%",,敌人死亡时积攒层数。层数越多最终升级形态越强。
U159,冰雪法师,IceAndSnowMage,部队,不死,法师,传说,1080,116.45,93,260,680,远程,190,190,每次攻击连打三下，蓄满法力后狂暴攻击并回血。,迅捷,超级鼓舞：每秒恢复9%法力值，法力值满后，5秒内增加自身100%攻击速度并每秒恢复自身生命值(149%攻击力)+ 2%已失去的生命值。,敌人进入攻击范围,,,火星 → 光柱鼓舞（fire）,"部落战争：连击次数+2
超级鼓舞：每秒恢复9%法力值，法力值满后，5秒内增加自身100%攻击速度并每秒恢复自身生命值(149%攻击力)+ 2%已失去的生命值。
爆发攻击：每次伤害额外造成目标最大生命值0.03%的技能伤害",大法师（Archmage）,能周期性自我治疗并使攻击速度变快。
U160,不朽蓝魔,ImmortalBlueDemon,部队,不死,刺客,传说,880,153.67,82,340,304,近战,185,185,开战时隐身，偷袭敌方远程。,潜行,,,,,,伏击：战斗开始时隐身，偷袭远程目标，造成800%攻击力的技能伤害,,可以造成大量伤害但是十分脆弱。
U161,赤十字,RedCross,部队,不死,战士,传说,1060,53.66,89,320,272,近战,125,125,身边敌人死得越多，越快升级成炎帝。,成长,商业渔夫：附近小范围敌人死亡时获得1.25%法力值，法力值满后，或者经历5场战斗后，升级为EmperorOfFlame，法力值保留,敌人进入攻击范围,,,螺旋聚气 → 光束（sea）,商业渔夫：附近小范围敌人死亡时获得1.25%法力值，法力值满后，或者经历5场战斗后，升级为EmperorOfFlame，法力值保留,炎帝（EmperorOfFlame）,更加娴熟的渔夫。可以积攒更多的层数。
U162,神石,Stone,部队,不死,先锋,传说,2500,0,0,0,0,不动（建筑 / 塔）,275,0,活过两场战斗后孵化成巨人战神，反弹受到的伤害。,成长,,,,,,"孵化：2场战斗后，如果存活，就能够进化成GiantGodOfWar
蓝铜矿外壳：反弹自身最大生命值0.4%的伤害
蛋炸：死亡时，对小范围敌人造成自身最大生命值4%的技能伤害",,独特单位。无法移动或攻击，但是能反弹受到的伤害。在两波后进化为九头蛇，或者在被击碎后提前孵化为稍弱的形态。
U163,深渊刺客,WaterWarrior_T4,部队,不死,刺客,传说,7790,1079.46,103,360,256,近战,1635,1635,开战时隐身，偷袭敌方远程，常常闪避攻击。,潜行,,,,,,"伏击：战斗开始时隐身，偷袭远程目标，造成1000%攻击力的技能伤害
敏捷之足：闪避率+20%",,每波开始时遁地。在五秒后会破土而出，推荐建造于前线。
U164,卫队长,GuardCommander,部队,人类,先锋,传说,3440,60.23,114,280,304,近战,270,270,法力满后，接下来的攻击都带范围伤害，法力越多，攻速和生命越高。,刀锋,神盾：攻击恢复4%法力值，被攻击恢复0.2%法力值，法力值满后，下面25次攻击，造成小范围(25%攻击力)的技能伤害。,敌人进入攻击范围,,,护罩 → 护罩（holy）,"神盾：攻击恢复4%法力值，被攻击恢复0.2%法力值，法力值满后，下面25次攻击，造成小范围(25%攻击力)的技能伤害。
强大：每10%的法力值增加3%的攻击速度和最大生命值。",奥法元帅（MarshalOrfa）,攻击或受到攻击时获得法力值。拥有的法力值越多越强大。
U165,重装战士,HeavilyArmedWarrior,部队,人类,先锋,传说,1720,39.46,87,330,272,近战,135,135,受到的远程伤害减少。,守护,,,,,,偏转：受到的远程单位伤害减少15%,,重装单位。受到的远程伤害减少。
U166,惩戒牧师,PunishingCleric,部队,人类,射手,传说,1080,105.26,114,280,680,远程,200,200,盯住一个目标越打越痛，蓄满法力后攻速翻倍。,奥术,太阳耀斑：每秒恢复8%法力值，法力值满后，增加100%的攻击速度，持续5秒,敌人进入攻击范围,,,火星 → 光柱鼓舞（holy）,"粒子波：连续攻击同一个目标时，每次攻击额外造成22%攻击力的技能伤害，最多叠加10次
太阳耀斑：每秒恢复8%法力值，法力值满后，增加100%的攻击速度，持续5秒",主教（Bishop）,远程单位。攻击同一个敌人时伤害会慢慢增加。
U167,角斗场主,SlaveLord_T4,部队,人类,战士,传说,11990,592.26,92,340,256,近战,1420,1420,残血时攻速翻倍，持续回血。,狂怒,,,,,,"无拘之怒：当此单位的生命值低于55%的时候，攻击速度会提高130%
骸骨再生：每秒恢复3%已损失的生命值",,重装单位。低生命值时攻击速度变快。
U168,汗血马,SweatBloodHorse,部队,人类,守护者,传说,2220,63.48,83,320,304,近战,190,190,让身边友军防御提高。,光环 · 守护,,,,,,厚皮：中范围光环，增加5%的防御,,虔诚的信仰增强了它的恢复能力。
U169,汗血宝马,YellowManeHorse_T4,部队,人类,守护者,传说,16560,475.32,83,340,240,近战,1420,1420,让身边友军防御提高，持续回血。,光环 · 守护,,,,,,"厚皮：中范围光环，增加9%的防御
骸骨再生：每秒恢复3%已损失的生命值",,为周围的友方单位恢复法力。
U170,天使弓手,AngelArcher,部队,僵尸,射手,传说,760,107.13,78,280,680,远程,140,140,攻击会弹射到旁边的敌人，每次攻击附带火焰伤害。,刀锋,,,,,,"水之弹射：每次攻击会额外弹射攻击附近小范围的1个敌人
燃烧：每次攻击，造成100%攻击力的额外技能伤害",,拥有能点燃被标记目标的弹射攻击。
U171,蓝龙,BlueDragon,部队,僵尸,法师,传说,1020,108.33,95,250,304,近战,180,180,蓄满法力后闪电连锁五个敌人。,雷电,闪电打击：每秒恢复18%法力值，法力值满后，释放闪电锁链，电击5个敌方单位，对每个敌人造成自身109%的攻击力 + 0.15%目标最大生命值的伤害,攻击范围内有 3 个以上敌人（只剩更少时也放）,,,闪电 → 闪电（frost）,闪电打击：每秒恢复18%法力值，法力值满后，释放闪电锁链，电击5个敌方单位，对每个敌人造成自身109%的攻击力 + 0.15%目标最大生命值的伤害,,飞行单位。能周期性电击敌人。
U172,投石弓手,CatapultArcher,部队,僵尸,射手,传说,620,90.94,76,180,680,远程,115,115,攻击会弹射到旁边的敌人，攻击削弱目标防御。,刀锋,,,,,,"水之弹射：每次攻击会额外弹射攻击附近小范围的1个敌人
幻觉：击中目标，降低目标20%防御，持续2秒，不叠加",天使弓手（AngelArcher）,拥有能使敌人受到更多技能伤害的弹射攻击。
U173,月光使徒,MoonlightApostle,部队,僵尸,法师,传说,1110,127.58,87,260,680,远程,195,195,蓄满法力后砸伤一片敌人并削弱其伤害。,刀锋,铁之冰雹：每秒恢复14%法力值，法力值满后，对目标小范围内的敌人造成80%攻击力x2的技能伤害，同时被击中的单位的伤害降低2，持续5秒，最多叠加10次,射程内的目标附近有 2 个以上敌人扎堆（只剩更少时也放）,,,螺旋聚气 → 落刃（steel）,铁之冰雹：每秒恢复14%法力值，法力值满后，对目标小范围内的敌人造成80%攻击力x2的技能伤害，同时被击中的单位的伤害降低2，持续5秒，最多叠加10次,时间法师（TimeMage）,能周期性对单个目标造成大量伤害。
U174,赤龙,RedDragon,部队,僵尸,先锋,传说,3500,67.97,103,280,304,近战,275,275,用法力吸收受到的伤害，法力越少伤害越高。,守护,,,,,,"熔岩护盾：每秒恢复5%法力值。每次受到攻击，消耗12.5%的法力值，吸收60%的伤害。
过热：每损失2%的法力值，伤害提高1%。",黑龙（BlackDragon）,使用法力值抵挡受到的伤害，并且根据已失去法力值增加伤害。
U175,时光术士,TimeMage_T4,部队,僵尸,法师,传说,9310,1069.33,87,250,880,远程,1635,1635,蓄满法力后召唤陨石砸单个敌人，让身边友军法力恢复更快。,奥术,小行星：每秒恢复3.5%的法力值，法力值满后，对单个目标造成686%攻击力+ 2%自身最大生命值的技能伤害,敌人进入攻击范围,,,通用：螺旋聚气 → 爆散,"小行星：每秒恢复3.5%的法力值，法力值满后，对单个目标造成686%攻击力+ 2%自身最大生命值的技能伤害
魔法增幅：中范围光环，范围内友军法力恢复速度增加20%",,光环单位。临近建造的单位法力恢复加快
U176,巨型野猪,BigWildBoar,部队,兽人,先锋,传说,3440,68.66,100,360,304,近战,270,270,开战时跳进敌群砸地。,冲锋,,,,,,奔踏：在战斗开始的时候跳向敌人，对中范围内的敌人造成2%自身最大生命值的技能伤害。,赤瞳（RedEyes）,重装单位。能冲锋进入战场造成溅射伤害
U177,巨型野猪,BigWildBoar_T4,部队,兽人,先锋,传说,20810,416.21,100,360,304,近战,1635,1635,开战时跳进敌群砸地，反弹受到的伤害。,冲锋,,,,,,"奔踏：在战斗开始的时候跳向敌人，对中范围内的敌人造成3.3%自身最大生命值的技能伤害。
倒刺：反弹自身最大生命值0.5%+12%所受攻击的伤害",,重装单位。能冲锋进入战场造成溅射伤害
U178,沙海先知,DesertBeliever_T4,部队,兽人,牧师,传说,8850,868.48,85,280,640,远程,1420,1420,蓄满法力后治疗一串友军，持续回血。,治疗,治疗链：每秒恢复11%法力值，法力值满后，治疗1个友军生命值（240%攻击力），并弹射到3个附近的友军。,敌人进入攻击范围,,,通用：螺旋聚气 → 爆散,"治疗链：每秒恢复11%法力值，法力值满后，治疗1个友军生命值（240%攻击力），并弹射到3个附近的友军。
骸骨再生：每秒恢复3%已损失的生命值",,使用治疗链治疗多个友方单位。
U179,绿魔,GreenDemon,部队,兽人,先锋,传说,2550,46.63,109,320,304,近战,200,200,防御很高，但身边强力友军越多越弱。,守护,,,,,,统治：增加20%防御。自身极小范围内每1个战斗力等于或大于自身的友方单位都会降低自身7%的攻击力和防御力,,强大的单位。附近有更高战斗力的单位时会变弱。
U180,翡翠玉兽,JadeBeast_T4,部队,兽人,商人,传说,7340,524.45,100,320,256,近战,1090,1090,场上商人越多，积分倍率越高，死亡时掉落积分。,金币,,,,,,"玉石共鸣：场上存在2个商人单位时，积分倍率+0.15；存在3个商人单位时，积分倍率再+0.15
美味：死亡后，获得其最大生命值1.3%的积分",,身上长着玉石的兽，同族越多越值钱。
U181,狂王,MadMonarch,部队,兽人,射手,传说,890,69.31,143,310,680,远程,165,165,越打越快。,迅捷,,,,,,超级杂技：每次攻击恢复2%法力值，每3.4%法力值增加5%的攻击速度,,飞行单位。每次攻击时增加攻击速度。
U182,魔盾兵,MagicShieldSoldier,部队,兽人,先锋,传说,2480,64.52,77,330,272,近战,195,195,重装单位，非常耐打。,—,,,,,,,破魔守卫（AntiMagicGuardian）,重装单位。但是不以攻击力著称。
U183,蛇神使者,SnakeGodMessenger_T4,部队,兽人,牧师,传说,10190,999.97,85,280,880,远程,1635,1635,开战时给最肉的友军加大量生命，蓄满法力后治疗一串友军。,治疗,治疗链：每秒恢复9%法力值，法力值满后，治疗1个友军生命值（150%攻击力），并弹射到2个附近的友军。,敌人进入攻击范围,,,通用：螺旋聚气 → 爆散,"盖亚之盾：战斗开始时，为生命值最高的单位增加1800最大生命值，战斗结束后取消。可叠加。
治疗链：每秒恢复9%法力值，法力值满后，治疗1个友军生命值（150%攻击力），并弹射到2个附近的友军。",,使用大地之灵祝福友方单位，增加其最大生命值。
U184,黄魔,YellowDemon,部队,兽人,先锋,传说,2230,40.82,109,310,272,近战,175,175,身边强力友军越多越强。,狂怒,,,,,,随从：自身小范围内每1个战斗力大于自身的单位都会增加自身9%的攻击力和防御力,,附近建造更高战斗力的单位时会获得加强。
U185,烈焰射手,BlazingShooter,部队,恶魔,射手,传说,650,67.72,106,280,680,远程,120,120,开战时可能发脾气，攻速提高，每次攻击同时打中三个敌人。,狂怒,,,,,,"发脾气：战斗开始时，50%概率，该单位的在本场攻击速度提高20%
幽灵尖叫：每次攻击会额外攻击目标附近小范围的2个单位，造成100%攻击力的技能伤害。无法对同一个单位造成多次伤害",,脾气十分的古怪。在强弱两种形态间互相切换。
U186,灵召塔,SpiritSummonTower,部队,恶魔,召唤师,传说,2000,0,0,0,0,不动（建筑 / 塔）,260,0,蓄满法力后召唤月豹和看门犬。,召唤,次元裂隙：每秒恢复16%法力值，法力值满后，损失400点生命值，召唤1个MoonLeopard和1个Watchdog，持续180秒。,有敌人逼近到 600 以内，且自己生命够扣（> 800）,,,法阵 → 法阵（arcane）,次元裂隙：每秒恢复16%法力值，法力值满后，损失400点生命值，召唤1个MoonLeopard和1个Watchdog，持续180秒。,地狱召唤塔（HellSummonTower）,独特单位。无法移动或攻击，但是能召唤单位。
U187,白牙,WhiteFang,部队,恶魔,召唤师,传说,1300,94.95,105,300,304,近战,200,200,开战时放出自爆步兵。,召唤,,,,,,装备手里剑：战斗开始前，5%概率增加1各自爆步兵，最大4个 战斗开始时，召唤所有自爆步兵，每个造成极小范围，100%攻击力的伤害,,投掷手里剑的频率提升为之前的三倍。
U188,白狼,WhiteWolf,部队,恶魔,先锋,传说,2420,40.96,118,360,272,近战,190,190,冻伤并减速周围的敌人，常常闪避攻击。,光环 · 冰霜,,,,,,"寒冬之触：大范围光环，攻击速度降低1%，并且每秒对敌人造成自身最大生命值0.2%的技能伤害
敏捷之足：闪避率+25%",雪狼王（SnowWolfKing）,能冻缓周围单位并且出人意料为防御型的单位。
U189,重炮蝠,Bat_T4,部队,科技,射手,传说,7670,811.22,105,280,640,远程,1420,1420,不停扫射附近的敌人，越打越快。,刀锋,,,,,,"机枪手：每0.4秒对附近大范围内的1个敌人造成60%攻击力的额外技能伤害
超级杂技：每次攻击恢复2.5%法力值，每3.4%法力值增加5%的攻击速度",,飞行单位。拥有一个随机攻击地面单位的机枪手。
U190,狂暴战将,Berserker_T4,部队,科技,战士,传说,13800,307.66,204,320,408,近战,1635,1635,每次攻击连打三下，残血时攻速翻倍。,迅捷,,,,,,"部落战争：连击次数+2
无拘之怒：当此单位的生命值低于50%的时候，攻击速度会提高70%",,能量战刃使其拥有逐渐增强的攻击。
U191,天界法师,CelestialMage,部队,科技,法师,传说,740,29.96,247,260,680,远程,130,130,蓄满法力后闪电连锁五个敌人。,雷电,闪电打击：每秒恢复18%法力值，法力值满后，释放闪电锁链，电击5个敌方单位，对每个敌人造成自身109%的攻击力 + 0.15%目标最大生命值的伤害,攻击范围内有 3 个以上敌人（只剩更少时也放）,,,闪电 → 闪电（frost）,闪电打击：每秒恢复18%法力值，法力值满后，释放闪电锁链，电击5个敌方单位，对每个敌人造成自身109%的攻击力 + 0.15%目标最大生命值的伤害,,超远程狙击单位。每隔几次攻击就会释放闪电弹
U192,火焰法师,FlameMage,部队,科技,法师,传说,1000,150.34,66,280,680,远程,175,175,每次攻击溅射周围敌人。,火焰,,,,,,火焰占卜：每次攻击，对目标附近中范围的敌人造成50%攻击力的技能伤害,,拥有能造成溅射伤害的火焰喷射器。
U193,角斗士,Gladiator,部队,科技,刺客,传说,900,63.71,204,360,272,近战,190,190,盯住一个目标越打越痛。,刀锋,,,,,,决斗者：连续攻击同一个目标时，每次攻击额外造成20%攻击力的技能伤害，最多叠加20次,狂战士（Berserker）,防御型单位。但是拥有对单个单位逐渐提升伤害的它对首领单位十分有效。
U194,冠军角斗士,Gladiator_T4,部队,科技,刺客,传说,7790,545.02,204,360,272,近战,1635,1635,盯住一个目标越打越痛，攻击削弱目标防御，可叠加。,刀锋,,,,,,"决斗者：连续攻击同一个目标时，每次攻击额外造成25%攻击力的技能伤害，最多叠加20次
狼群：击中目标，降低目标4%防御，持续3秒，最多叠加12层",,防御型单位。但是拥有对单个单位逐渐提升伤害的它对首领单位十分有效。
U195,金龙,GoldenDragon,部队,科技,射手,传说,1570,275.49,63,240,760,远程,290,290,击杀时引发爆炸。,火焰,,,,,,爆炸炮弹：击杀目标时，对目标附近(中范围)敌人造成11%攻击力的技能伤害,魔龙（MagicDragon）,击杀敌人时会使他们爆炸。
U196,雷法师,MageApprentice_T4,部队,科技,法师,传说,8080,1063.89,76,280,600,远程,1420,1420,蓄满法力后闪电连锁五个敌人，让身边友军法力恢复更快。,雷电,闪电打击：每秒恢复20%法力值，法力值满后，释放闪电锁链，电击6个敌方单位，对每个敌人造成自身125%的攻击力 + 0.2%目标最大生命值的伤害,敌人进入攻击范围,,,通用：螺旋聚气 → 爆散,"闪电打击：每秒恢复20%法力值，法力值满后，释放闪电锁链，电击6个敌方单位，对每个敌人造成自身125%的攻击力 + 0.2%目标最大生命值的伤害
魔法增幅：中范围光环，范围内友军法力恢复速度增加20%",,远程单位。拥有两条迥然不同的升级路线
U197,吸血蝠,VampireBat,部队,科技,祭司,传说,1230,90.56,105,260,760,远程,190,190,让身边友军伤害提高，定时轰炸三个敌人。,光环 · 伤害,,,,,,"空中指挥：中范围光环，伤害提高14%
投弹手：每1.5秒对附近大范围内的3个不同敌人造成160%攻击力的额外技能伤害",,飞行光环单位。使临近建造的飞行单位获得伤害增幅。
U198,黑铁卫,BlackIronGuard,部队,精灵,守护者,传说,2330,58.55,95,330,272,近战,200,200,让身边友军防御提高。,光环 · 守护,,,,,,厚皮：中范围光环，增加5%的防御,翠盾（VerdantShield）,重装单位。在怀特迈恩周围时更强。
U199,死亡射手,DeathShooter,部队,精灵,射手,传说,680,93.06,80,270,680,远程,125,125,每次攻击附带额外伤害，攻击削弱目标防御。,刀锋,,,,,,"精确：每次攻击，造成28%攻击力的额外技能伤害
标记目标：击中目标，降低目标1%防御，持续3秒，最多叠加10次。",,与人海战术以及攻速快的单位相性极佳。
U200,圣光骑士,HolyLightKnight,部队,精灵,圣骑士,传说,1830,65.94,87,320,304,近战,180,180,半血上场，但快速回血。,治疗,,,,,,超级细胞再生：以60%的生命值开始战斗，但每秒恢复1.2%已损失的生命值,,飞行单位。成熟体的它伤害以及坦度都得到了提升。
U201,圣殿骑士,HolyLightKnight_T4,部队,精灵,圣骑士,传说,16650,597.93,87,320,304,近战,1635,1635,半血上场，但快速回血，持续治疗身边的友军。,治疗,,,,,,"超级细胞再生：以70%的生命值开始战斗，但每秒恢复1.9%已损失的生命值
奉献：每秒为附近小范围内的随机友军恢复4%的已损失生命值",,飞行单位。成熟体的它伤害以及坦度都得到了提升。
U202,玉藤堡垒,JadeVineFortress,部队,精灵,先锋,传说,3560,59.46,120,200,304,近战,280,280,反弹受到的伤害。,反伤,,,,,,倒刺：反弹自身最大生命值0.4%+10%所受攻击的伤害,风暴堡垒（StormFortress）,重装远程单位。受到攻击时反弹伤害。
U203,神射手,Ranger_T4,部队,精灵,射手,传说,6780,906.83,83,280,600,远程,1255,1255,每次攻击附带额外伤害，攻击会弹射到旁边的敌人。,刀锋,,,,,,"精准：每次攻击，造成42%攻击力的额外技能伤害
水之弹射：每次攻击会额外弹射攻击附近小范围的1个敌人",,远程单位。能增加首领单位受到的伤害
U204,巫毒祭主,VoodooBeliever_T4,部队,精灵,先锋,传说,15970,322.77,99,340,240,近战,1255,1255,死亡时会对击杀者施加毒素，持续回血。,亡语,,,,,,"过敏反应：死亡时，对击杀者造成1000%攻击力的技能伤害
骸骨再生：每秒恢复3%已损失的生命值",,飞行单位。死亡时会对击杀者施加毒素。
U205,苦痛盾卫,AgonyShieldDefender,部队,自然,守护者,传说,1170,35.96,77,290,272,近战,100,100,蓄满法力后降下剑雨，削弱敌人伤害。,刀锋,剑雨：每秒恢复14%法力值，法力值满后，对目标小范围内的敌人造成80%攻击力x2的技能伤害，同时被击中的单位的伤害降低4，持续5秒，最多叠加10次,射程内的目标附近有 2 个以上敌人扎堆（只剩更少时也放）,,,螺旋聚气 → 落刃（steel）,剑雨：每秒恢复14%法力值，法力值满后，对目标小范围内的敌人造成80%攻击力x2的技能伤害，同时被击中的单位的伤害降低4，持续5秒，最多叠加10次,魔王近卫（DemonKingsGuard）,猩红之刃穿透了她的身躯，带走了逃出的希望。
U206,充能塔,ChargeTower,部队,自然,商人,传说,1280,39.22,233,180,680,远程,190,190,死亡时掉落积分。,金币,,,,,,美味：死亡后，获得其最大生命值1%的积分,火神塔（FireGodTower）,无法移动。射程很远。
U207,冥誓剑圣,CursedSwordsman_T4,部队,自然,守护者,传说,19070,589.85,77,300,256,近战,1635,1635,蓄满法力后砸伤一片敌人并削弱其伤害，让身边友军防御提高。,刀锋,铁之冰雹：每秒恢复15%法力值，法力值满后，对目标小范围内的敌人造成100%攻击力x2的技能伤害，同时被击中的单位的伤害降低4，持续5秒，最多叠加10次,敌人进入攻击范围,,,通用：螺旋聚气 → 爆散,"铁之冰雹：每秒恢复15%法力值，法力值满后，对目标小范围内的敌人造成100%攻击力x2的技能伤害，同时被击中的单位的伤害降低4，持续5秒，最多叠加10次
厚皮：中范围光环，增加6%的防御",,重装型单位。间隙性散射出诅咒之剑，造成范围伤害。
U208,魔王近卫,DemonKingsGuard,部队,自然,守护者,传说,1170,35.96,77,280,304,近战,100,100,蓄满法力后卷起剑刃风暴，大幅削弱敌人伤害。,刀锋,剑刃风暴：每秒恢复14%法力值，法力值满后，对目标小范围内的敌人造成80%攻击力x2的技能伤害，同时被击中的单位的伤害降低6，持续5秒，最多叠加10次,射程内的目标附近有 2 个以上敌人扎堆（只剩更少时也放）,,,螺旋聚气 → 落刃（fire）,剑刃风暴：每秒恢复14%法力值，法力值满后，对目标小范围内的敌人造成80%攻击力x2的技能伤害，同时被击中的单位的伤害降低6，持续5秒，最多叠加10次,,当痛苦无法逃避，唯一的选择就是接纳它
U209,翠羽龙,GreenDragon_T4,部队,自然,牧师,传说,8850,811.22,91,250,640,远程,1420,1420,用自己的生命治疗友军，持续回血。,治疗,灵魂转移：每秒恢复18%法力值。法力值满时，消耗自身生命（135%攻击力），治疗1名友军（270%攻击力）。不会对拥有相似效果的单位释放。,敌人进入攻击范围,,,通用：螺旋聚气 → 爆散,"灵魂转移：每秒恢复18%法力值。法力值满时，消耗自身生命（135%攻击力），治疗1名友军（270%攻击力）。不会对拥有相似效果的单位释放。
骸骨再生：每秒恢复3%已损失的生命值",,以自身的生命力为代价治疗友军。
U210,法师英雄,MageHero,部队,自然,射手,传说,810,80.36,112,280,680,远程,150,150,每活过一场战斗就变强。,成长,,,,,,超级绽放：每场战斗结束后，如果存活，获得80点最大生命值和6点攻击力，从第11关开始，每场战斗结束后成长乘以3倍。,,全盛形态，在波次中存活能变得更加强大。
U211,影剑士,ShadowSwordsman,部队,自然,召唤师,传说,1750,94.38,143,300,304,近战,270,270,每攻击几次召唤一个影子随从。,召唤,,,,,,暗影繁殖者：每6次攻击召唤一个随从，存在40秒。,影骑士（ShadowKnight）,每次攻击时有几率复制自己。
U212,影骑士,ShadowSwordsman_T4,部队,自然,召唤师,传说,10610,570.86,143,300,304,近战,1635,1635,每攻击几次召唤一个影子随从，常常闪避攻击。,召唤,,,,,,"暗影繁殖者：每5次攻击召唤一个随从，存在40秒。
敏捷之足：闪避率+15%",,每次攻击时有几率复制自己。
U213,天龙,SkyDragon,部队,自然,牧师,传说,1220,110.97,91,240,760,远程,195,195,用自己的生命治疗友军。,治疗,灵魂转移：每秒恢复18%法力值。法力值满时，消耗自身生命（135%攻击力），治疗1名友军（270%攻击力）。不会对拥有相似效果的单位释放。,有友军生命低于 60%，且自己生命高于 50%,,,十字光点 → 十字光点（frost）,灵魂转移：每秒恢复18%法力值。法力值满时，消耗自身生命（135%攻击力），治疗1名友军（270%攻击力）。不会对拥有相似效果的单位释放。,,拥有着通过多年的虔诚奉献而磨练出的强大能力。
U214,森林法师,WildMage_T4,部队,自然,法师,传说,7140,714.72,100,340,240,近战,1255,1255,每次攻击溅射周围敌人，击杀时引发爆炸。,刀锋,,,,,,"飞叶快刀：每次攻击，对目标附近小范围的敌人造成100%攻击力的技能伤害
爆炸炮弹：击杀目标时，对目标附近(中范围)敌人造成45%攻击力的技能伤害",,能造成溅射伤害，其真正的力量隐藏于升级之后的形态。
U215,野人王,WildManKing,部队,自然,召唤师,传说,810,46.99,133,280,272,近战,125,125,死亡时召唤野人矛兵，攻击攒法力，满了召唤两个野人矛兵。,召唤,史莱姆繁殖：每次攻击时恢复3%法力值，法力值满后，召唤2个WildManSpearman，持续40秒,有敌人逼近到 600 以内,,,毒雾 → 法阵（toxic）,"迷你史莱姆：该单位死亡时，会召唤1个WildManSpearman
史莱姆繁殖：每次攻击时恢复3%法力值，法力值满后，召唤2个WildManSpearman，持续40秒",,死亡时生成一个史莱姆幼体。如果进行了长时间的战斗，可以多生成一个史莱姆幼体。
U216,歼灭者,Annihilator,部队,虚空,射手,传说,1030,227.11,50,260,680,远程,190,190,每箭附带火焰伤害。,火焰,,,,,,火焰箭：每次攻击消耗0.5%法力值，造成140%攻击力的额外技能伤害,巨型歼灭者（GigaAnnihilator）,维克特拉的独特单位。
U217,黑熊,BlackBear,部队,虚空,先锋,传说,2290,58.03,79,280,304,近战,180,180,死亡或法力满时引爆，伤害周围敌人。,火焰,禁果：每次攻击恢复3%法力值，被攻击恢复0.1%法力值。当该单位死亡或达到最大法力时，消耗全部法力，每1%法力值，对中范围的敌人造成0.3%自身最大生命的伤害,身边有 3 个以上敌人（只剩更少时也放）,,,十字光点 → 光柱鼓舞（pink）,禁果：每次攻击恢复3%法力值，被攻击恢复0.1%法力值。当该单位死亡或达到最大法力时，消耗全部法力，每1%法力值，对中范围的敌人造成0.3%自身最大生命的伤害,,死亡时或者满能量时，对所有攻击过它的单位造成爆发伤害。
U218,夜刃,BlackSword_T4,部队,虚空,刺客,传说,6760,1028.13,94,320,240,近战,1420,1420,攻击削弱目标防御，可叠加，常常闪避攻击。,诅咒,,,,,,"狼群：击中目标，降低目标8%防御，持续3秒，最多叠加12层
敏捷之足：闪避率+20%",,最好是成群结队地作战，而不是单打独斗。当多个嚎狼／阳牙攻击同一个目标时，会造成更多的伤害。
U219,蟹巫,CrabWarlock_T4,部队,虚空,召唤师,传说,10610,653.06,125,270,640,远程,1635,1635,蓄满法力后召唤小螃蟹，击杀时回复法力。,召唤,召唤小螃蟹：每秒恢复3.5%法力值，法力值满后，召唤一只Crabling，持续40秒,敌人进入攻击范围,,,通用：螺旋聚气 → 爆散,"召唤小螃蟹：每秒恢复3.5%法力值，法力值满后，召唤一只Crabling，持续40秒
智力：击杀单位时恢复7%的最大法力值",,召唤一只小螃蟹来做它的脏活。
U220,爬行投石车,CrawlingCatapult,部队,虚空,射手,传说,1430,122.39,130,160,760,远程,265,265,目标越远伤害越高。,火焰,,,,,,火炮：目标越远，造成的伤害越高，最高额外增加100%,流浪投石机（WanderingTrebuchet）,移动极其缓慢。目标越远，造成的伤害就越高。
U221,暗牙,DarkFang,部队,虚空,祭司,传说,1040,84.84,94,290,272,近战,160,160,让身边友军伤害提高，但更脆。,光环 · 伤害,,,,,,领袖光环：使附近盟友的伤害和技能伤害提高15%，但受到的伤害也提高18%。不叠加。,,它的金色皮毛标志着它是最凶猛的掠食者。当多个嚎狼／阳牙攻击同一个目标时，会造成更多的伤害。
U222,暗牙统帅,DarkFang_T4,部队,虚空,祭司,传说,9220,753.81,94,290,272,近战,1420,1420,让身边友军伤害提高，但更脆，持续回血。,光环 · 伤害,,,,,,"领袖光环：使附近盟友的伤害和技能伤害提高20%，但受到的伤害也提高14%。不叠加。
骸骨再生：每秒恢复3%已损失的生命值",,它的金色皮毛标志着它是最凶猛的掠食者。当多个嚎狼／阳牙攻击同一个目标时，会造成更多的伤害。
U223,金手,GoldenHand,部队,虚空,商人,传说,1250,94.37,94,280,760,远程,185,185,活过一场战斗就赚积分，开战时可能加速。,金币,,,,,,"激进投资组合：战斗结束后，如果该单位存活，获得该单位0.9%*最大生命值的积分
卖空：战斗开始时，25%概率，本场增加10%的攻击速度",,凭借大胆的新投资策略，它有着更大的盈利。。。和亏损潜力。
U224,生命树,LifeTree,部队,虚空,圣骑士,传说,1990,77.39,80,280,304,近战,195,195,持续治疗身边的友军。,治疗,,,,,,奉献：每秒为附近小范围内的随机友军恢复5%的已损失生命值,,为建造于其后方的单位恢复生命值。
U225,古老生命树,LifeTree_T4,部队,虚空,圣骑士,传说,16650,650.24,80,280,304,近战,1635,1635,持续治疗身边的友军，持续回血。,治疗,,,,,,"奉献：每秒为附近小范围内的随机友军恢复7%的已损失生命值
骸骨再生：每秒恢复3%已损失的生命值",,为建造于其后方的单位恢复生命值。
U226,脉冲机器人,Pulsebot,部队,虚空,先锋,传说,2350,27.92,169,300,272,近战,185,185,受到的伤害大幅减少。,守护,,,,,,花岗岩皮肤：受到的伤害减少25%,天空机器人（Skybot）,每次攻击都会释放一道冲击波，造成额外的范围伤害，并对敌方防御施加减益效果。
U227,暗影死神,ShadowGrimReaper,部队,虚空,刺客,传说,900,156.58,83,300,304,近战,190,190,常常闪避，每次闪避都变强。,成长,,,,,,不屈之魂：闪避率增加20%，闪避成功，永久获得10点最大生命值和1点攻击力，从第11关开始，效果翻倍,,不再拥有秘密贮藏，但是其属性大幅提升。
U228,天空机器人,Skybot_T4,部队,虚空,战士,传说,15200,408.66,169,280,408,近战,1800,1800,每次攻击溅射周围敌人，攻击削弱目标防御。,火焰,,,,,,"火焰占卜：每次攻击，对目标附近中范围的敌人造成60%攻击力的技能伤害
电磁脉冲：击中目标，降低目标1.5%防御，持续3秒，最多15次。",,飞行单位。专为战斗而设计，其力量的增长与其升级后AI的凶猛程度相匹配。现在施加3层减益效果。
U229,海盗船长,VikingPirate_T4,部队,虚空,商人,传说,8450,727.61,83,340,240,近战,1255,1255,活过一场战斗就赚积分，开战时可能加速。,金币,,,,,,"秘密储藏：战斗结束后，如果该单位存活，获得该单位1.3%*最大生命值的积分
卖空：战斗开始时，40%概率，本场增加12%的攻击速度",,拥有秘密贮藏，可以以更高的百分比价格出售。属性更低。
U230,虚空之翼,WarpWing_T4,部队,虚空,祭司,传说,10610,587.29,139,300,640,远程,1635,1635,持续削弱周围敌人的伤害，常常闪避攻击。,光环 · 削弱,,,,,,"等离子衰减：中范围光环，每2.5秒使敌人的伤害降低2.5%，最多叠加25次。
敏捷之足：闪避率+15%",,飞行单位。降低其目标的攻击伤害。
U231,骸骨神射,Archer_T4,部队,骷髅,射手,传说,7670,896.61,95,280,600,远程,1420,1420,每箭附带火焰伤害，持续回血。,火焰,,,,,,"火焰箭：每次攻击消耗0.5%法力值，造成190%攻击力的额外技能伤害
骸骨再生：每秒恢复3%已损失的生命值",,远程单位。在被动恢复生命值的基础上可以使用法力值射出燃烧箭造成额外伤害。
U232,猩红骑士长,BloodKnight_T4,部队,骷髅,守护者,传说,19070,458.77,99,340,256,近战,1635,1635,让身边友军攻击吸血，让身边友军防御提高。,光环 · 吸血,,,,,,"吸血：中范围光环，提供20%的吸血。
厚皮：中范围光环，增加6%的防御",,光环单位。临近建造的单位获得吸血和法术吸血。
U233,糖果女孩,CandyGirl,部队,骷髅,召唤师,传说,1230,98.03,97,280,304,近战,190,190,蓄满法力后召唤恐狼。,召唤,召唤地狱犬：每秒恢复5%法力值，法力值满后，召唤一只DireWolf，持续40秒,有敌人逼近到 600 以内,,,法阵 → 法阵（fire）,召唤地狱犬：每秒恢复5%法力值，法力值满后，召唤一只DireWolf，持续40秒,,能召唤更加凶狠的地狱犬。
U234,教堂守卫,ChurchGuard,部队,骷髅,先锋,传说,1530,23.46,130,330,272,近战,120,120,受到的伤害大幅减少。,守护,,,,,,花岗岩皮肤：受到的伤害减少25%,,不再是飞行单位。受到的伤害进一步减少。
U235,金鬃狮锤,LionHammer_T4,部队,骷髅,圣骑士,传说,16650,525.45,99,300,352,近战,1635,1635,让身边友军攻击大量吸血，蓄满法力后给一名友军回血。,光环 · 吸血,颅骨炖汤：每秒恢复14%法力值，法力值满后，恢复1个友军12%最大生命值,敌人进入攻击范围,,,通用：螺旋聚气 → 爆散,"同类相食：中范围光环，提供20%的吸血。
颅骨炖汤：每秒恢复14%法力值，法力值满后，恢复1个友军12%最大生命值",,光环单位。拥有一个主动治疗技能且临近建造的单位获得吸血和法术吸血。
U236,骸骨巫师,Mage_T4,部队,骷髅,祭司,传说,9220,796.16,89,280,640,远程,1420,1420,让身边友军攻速提高，持续回血。,光环 · 攻速,,,,,,"充能：中范围光环，增加13%的攻击速度。
骸骨再生：每秒恢复3%已损失的生命值",,可以为一名友方单位增加大量攻击速度。
U237,死灵法师,Necromancer,部队,骷髅,召唤师,传说,1720,132.28,100,260,760,远程,265,265,蓄满法力后召唤复仇之龙，击杀时回复法力。,召唤,召唤巨龙：每秒恢复3%法力值，法力值满后，召唤一只VengefulDragon，持续40秒,有敌人逼近到 600 以内,,,法阵 → 法阵（arcane）,"召唤巨龙：每秒恢复3%法力值，法力值满后，召唤一只VengefulDragon，持续40秒
智力：击杀单位时恢复7%的最大法力值",死神（GrimReaper）,能召唤亡灵飞龙来吞噬敌人。
U238,兽王,Summoner_T4,部队,骷髅,召唤师,传说,10610,841.58,97,290,256,近战,1635,1635,蓄满法力后召唤恐狼，击杀时回复法力。,召唤,召唤地狱犬：每秒恢复7%法力值，法力值满后，召唤一只DireWolf，持续40秒,敌人进入攻击范围,,,通用：螺旋聚气 → 爆散,"召唤地狱犬：每秒恢复7%法力值，法力值满后，召唤一只DireWolf，持续40秒
智力：击杀单位时恢复7%的最大法力值",,能召唤混沌猎犬作战。
U239,剑舞者,SwordDancer,部队,骷髅,商人,传说,1250,49.56,179,360,272,近战,185,185,死亡时掉落积分。,金币,,,,,,美味：死亡后，获得其最大生命值1%的积分,幻影舞者（PhantomDancer）,高伤害但是防御力较低。
U240,大法师,Archmage,部队,不死,法师,,1990,207.76,96,240,1020,远程,350,350,每次攻击连打三下，蓄满法力后狂暴攻击并回血。,迅捷,超级鼓舞：每秒恢复9%法力值，法力值满后，5秒内增加自身100%攻击速度并每秒恢复自身生命值(149%攻击力)+ 2%已失去的生命值。,敌人进入攻击范围,,,火星 → 光柱鼓舞（fire）,"部落战争：连击次数+2
超级鼓舞：每秒恢复9%法力值，法力值满后，5秒内增加自身100%攻击速度并每秒恢复自身生命值(149%攻击力)+ 2%已失去的生命值。
回声打击：每次伤害额外造成目标最大生命值0.09%的技能伤害",,拥有一定承伤能力的远程输出。
U241,棕熊,BrownBear,部队,不死,守护者,,2920,81.59,85,240,352,近战,250,250,让身边友军持续回血、防御提高。,光环 · 治疗,,,,,,共鸣：中范围光环，每秒恢复目标2.75%的已损失生命值，并增加10%防御。,,光环单位。临近建造的单位获得缓慢生命恢复以及魔法抗性
U242,聚宝金鸡,Chick_T5,部队,不死,商人,,15790,1035.19,109,300,600,远程,2345,2345,死亡时掉落积分，活过一场战斗就赚积分。,金币,,,,,,"美味：死亡后，获得其最大生命值2%的积分
秘密储藏：战斗结束后，如果该单位存活，获得该单位1.2%*最大生命值的积分
偏转：受到的远程单位伤害减少20%",,飞行单位。能升级为两种不同的形态。
U243,指挥官,Commander,部队,不死,守护者,,3210,89.8,85,300,352,近战,275,275,蓄满法力后炮击一片敌人并减慢其攻速。,火焰,炮弹休克：每秒恢复8%法力值，法力值满后，对目标附近小范围的敌人造成67%攻击力的技能伤害，并使其攻击速度降低5%，持续3秒。,射程内的目标附近有 2 个以上敌人扎堆（只剩更少时也放）,,,火星 → 陨石（orange）,炮弹休克：每秒恢复8%法力值，法力值满后，对目标附近小范围的敌人造成67%攻击力的技能伤害，并使其攻击速度降低5%，持续3秒。,,重装单位。能重击地面来减速敌人。
U244,炎帝,EmperorOfFlame,部队,不死,战士,,2110,135.17,71,290,352,近战,250,250,攒下的层数越多越强。,成长,,,,,,精英渔夫：每0.8%法力值，增加20点最大生命值和1的攻击力,,层数越多，伤害越高。但是将不再积攒新的层数。
U245,不破城壁,FootSoldier_T5,部队,不死,先锋,,59630,1340.01,89,340,240,近战,4685,4685,受到的伤害减少，受到的远程伤害减少。,守护,,,,,,"石肤术：受到的伤害减少38%
偏转：受到的远程单位伤害减少25%
荆棘：反弹自身最大生命值0.2%+15%所受攻击的伤害",,敌人死亡时积攒层数。层数越多最终升级形态越强。
U246,巨人战神,GiantGodOfWar,部队,不死,先锋,,1860,120,83,280,352,近战,0,239,死亡时分裂出三只魔像。,召唤,,,,,,小九头蛇：死亡时，召唤3只Golem,,每过一波会变强。死亡时会分裂成3个小型九头蛇。
U247,海渊之影,WaterWarrior_T5,部队,不死,刺客,,25690,3563.91,103,360,256,近战,5395,5395,开战时隐身，偷袭敌方远程，常常闪避攻击。,潜行,,,,,,"伏击：战斗开始时隐身，偷袭远程目标，造成1400%攻击力的技能伤害
敏捷之足：闪避率+25%
狼群：击中目标，降低目标8%防御，持续3秒，最多叠加12层",,每波开始时遁地。在五秒后会破土而出，推荐建造于前线。
U248,主教,Bishop,部队,人类,射手,,1860,181.87,114,240,1020,远程,345,345,盯住一个目标越打越痛，蓄满法力后攻速翻倍。,奥术,超级太阳耀斑：每秒恢复10%法力值，法力值满后，增加100%的攻击速度，持续5秒,敌人进入攻击范围,,,火星 → 光柱鼓舞（holy）,"净化光束：连续攻击同一个目标时，每次攻击造成24%攻击力的额外伤害，最多叠加10次
超级太阳耀斑：每秒恢复10%法力值，法力值满后，增加100%的攻击速度，持续5秒",,拥有逐渐提升伤害的远程单位。
U249,奥法元帅,MarshalOrfa,部队,人类,战士,,3630,173.72,95,260,408,近战,430,430,法力满后，接下来的攻击都带大范围伤害，法力越多，攻速和生命越高。,奥术,最终审判：攻击恢复4%法力值，被攻击恢复0.2%法力值，法力值满后，下面25次攻击，造成中范围(25%攻击力)的技能伤害。,敌人进入攻击范围,,,螺旋聚气 → 陨石（arcane）,"最终审判：攻击恢复4%法力值，被攻击恢复0.2%法力值，法力值满后，下面25次攻击，造成中范围(25%攻击力)的技能伤害。
强大：每10%的法力值增加3%的攻击速度和最大生命值。",,即使千年已过，他的圣权仍固。
U250,暗夜射手,NightArcher,部队,人类,射手,,1430,157.54,101,260,880,远程,265,265,每次攻击连打四下。,迅捷,,,,,,超速射击：连击次数+3,,装备着劲弩，能射出五发箭矢。
U251,血斗之王,SlaveLord_T5,部队,人类,战士,,39550,1954.47,92,340,256,近战,4685,4685,残血时攻速翻倍，持续回血。,狂怒,,,,,,"无拘之怒：当此单位的生命值低于60%的时候，攻击速度会提高170%
骸骨再生：每秒恢复4%已损失的生命值
决斗者：连续攻击同一个目标时，每次攻击额外造成20%攻击力的技能伤害，最多叠加20次",,重装单位。低生命值时攻击速度变快。
U252,天马,YellowManeHorse_T5,部队,人类,守护者,,54650,1567.82,83,340,240,近战,4685,4685,让身边友军防御提高，持续回血。,光环 · 守护,,,,,,"厚皮：中范围光环，增加12%的防御
骸骨再生：每秒恢复4%已损失的生命值
共鸣：中范围光环，每秒恢复目标2.75%的已损失生命值，并增加10%防御。",,为周围的友方单位恢复法力。
U253,黑龙,BlackDragon,部队,僵尸,先锋,,5470,106.33,103,260,408,近战,430,430,用法力吸收大部分伤害，法力越少伤害越高。,守护,,,,,,"棱光护盾：每秒恢复5%法力值。每次受到攻击，消耗12.5%的法力值，吸收80%的伤害。
过热：每损失2%的法力值，伤害提高1%。",,飞行单位。传说中的生物，拥有更强大的法力护盾。
U254,钢铁军阀,SteelWarlord,部队,僵尸,先锋,,3370,90.02,75,300,352,近战,265,265,开战时可能硬化，防御提高。,守护,,,,,,硬化：战斗开始时，25%的概率+17.5%的防御,,使用金属包裹自身进一步提升坦度。
U255,时间法师,TimeMage,部队,僵尸,法师,,1910,218.82,87,250,880,远程,335,335,让身边友军法力恢复更快，蓄满法力后召唤陨石砸单个敌人。,光环 · 法力,小行星：每秒恢复3%的法力值，法力值满后，对单个目标造成686%攻击力+ 2%自身最大生命值的技能伤害,射程内的目标生命还多（≥ 40%，只剩 1 个敌人时也放）,,,螺旋聚气 → 陨石（fire）,"魔法增幅：中范围光环，范围内友军法力恢复速度增加30%
小行星：每秒恢复3%的法力值，法力值满后，对单个目标造成686%攻击力+ 2%自身最大生命值的技能伤害
智力：击杀单位时恢复15%的最大法力值",,光环单位。临近建造的单位法力恢复加快
U256,时间领主,TimeMage_T5,部队,僵尸,法师,,30710,3529.63,87,250,880,远程,5395,5395,蓄满法力后召唤陨石砸单个敌人，让身边友军法力恢复更快。,奥术,小行星：每秒恢复4%的法力值，法力值满后，对单个目标造成850%攻击力+ 2.5%自身最大生命值的技能伤害,敌人进入攻击范围,,,通用：螺旋聚气 → 爆散,"小行星：每秒恢复4%的法力值，法力值满后，对单个目标造成850%攻击力+ 2.5%自身最大生命值的技能伤害
魔法增幅：中范围光环，范围内友军法力恢复速度增加30%
爆炸炮弹：击杀目标时，对目标附近(中范围)敌人造成80%攻击力的技能伤害",,光环单位。临近建造的单位法力恢复加快
U257,破魔守卫,AntiMagicGuardian,部队,兽人,先锋,,4260,110.85,77,300,352,近战,335,335,重装单位，非常耐打。,—,,,,,,,,究极奥术护甲重装单位。
U258,赤瞳猪王,BigWildBoar_T5,部队,兽人,先锋,,68670,1373.29,100,360,304,近战,5395,5395,开战时跳进敌群砸地，反弹受到的伤害。,冲锋,,,,,,"奔踏：在战斗开始的时候跳向敌人，对中范围内的敌人造成4.2%自身最大生命值的技能伤害。
倒刺：反弹自身最大生命值0.6%+15%所受攻击的伤害
敏捷之足：闪避率+25%",,重装单位。能冲锋进入战场造成溅射伤害
U259,圣沙使徒,DesertBeliever_T5,部队,兽人,牧师,,29210,2864.27,85,280,640,远程,4685,4685,蓄满法力后治疗一串友军，持续回血。,治疗,治疗链：每秒恢复12%法力值，法力值满后，治疗1个友军生命值（300%攻击力），并弹射到4个附近的友军。,敌人进入攻击范围,,,通用：螺旋聚气 → 爆散,"治疗链：每秒恢复12%法力值，法力值满后，治疗1个友军生命值（300%攻击力），并弹射到4个附近的友军。
骸骨再生：每秒恢复4%已损失的生命值
共鸣：中范围光环，每秒恢复目标2.75%的已损失生命值，并增加10%防御。",,使用治疗链治疗多个友方单位。
U260,玉麒麟,JadeBeast_T5,部队,兽人,商人,,24210,1729.61,100,320,256,近战,3595,3595,场上商人越多，积分倍率越高，死亡时掉落积分。,金币,,,,,,"玉石共鸣：场上存在2个商人单位时，积分倍率+0.2；存在3个商人单位时，积分倍率再+0.2
美味：死亡后，获得其最大生命值1.6%的积分
卖空：战斗开始时，50%概率，本场增加15%的攻击速度",,身上长着玉石的兽，同族越多越值钱。
U261,赤瞳,RedEyes,部队,兽人,先锋,,5350,106.83,100,320,408,近战,420,420,开战时跳进敌群砸地。,冲锋,,,,,,奔踏：在战斗开始的时候跳向敌人，对中范围内的敌人造成2%自身最大生命值的技能伤害。,,拥有更高的坦度以及更狂躁的冲锋。
U262,蛇神使者,SnakeGodMessenger,部队,兽人,牧师,,1590,155.89,85,280,880,远程,255,255,开战时给最肉的友军加大量生命。,治疗,,,,,,盖亚之盾：战斗开始时，为生命值最高的单位增加1500最大生命值，战斗结束后取消。可叠加。,,使用大地之灵祝福友方单位，增加其最大生命值。
U263,蛇神化身,SnakeGodMessenger_T5,部队,兽人,牧师,,33640,3298.02,85,280,880,远程,5395,5395,开战时给最肉的友军加大量生命，蓄满法力后治疗一串友军。,治疗,治疗链：每秒恢复10%法力值，法力值满后，治疗1个友军生命值（190%攻击力），并弹射到3个附近的友军。,敌人进入攻击范围,,,通用：螺旋聚气 → 爆散,"盖亚之盾：战斗开始时，为生命值最高的单位增加5000最大生命值，战斗结束后取消。可叠加。
治疗链：每秒恢复10%法力值，法力值满后，治疗1个友军生命值（190%攻击力），并弹射到3个附近的友军。
奉献：每秒为附近小范围内的随机友军恢复4%的已损失生命值",,使用大地之灵祝福友方单位，增加其最大生命值。
U264,地狱召唤塔,HellSummonTower,部队,恶魔,召唤师,,5000,0,0,0,0,不动（建筑 / 塔）,420,0,蓄满法力后召唤魔豹和邪犬。,召唤,超级裂隙：每秒恢复16%法力值，法力值满后，损失1040点生命值，召唤1个MagicLeopard和1个EvilDog，持续180秒。,有敌人逼近到 600 以内，且自己生命够扣（> 2080）,,,法阵 → 法阵（fire）,超级裂隙：每秒恢复16%法力值，法力值满后，损失1040点生命值，召唤1个MagicLeopard和1个EvilDog，持续180秒。,,能召唤更强的召唤物
U265,雪狼王,SnowWolfKing,部队,恶魔,先锋,,4580,77.7,118,320,408,近战,360,360,冻伤并大幅减速周围的敌人，常常闪避攻击。,光环 · 冰霜,,,,,,"冰冻面纱：大范围光环，攻击速度降低3%，并且每秒对敌人造成自身最大生命值0.2%的技能伤害
敏捷之足：闪避率+25%",,能冻缓周围单位并且出人意料为防御型的单位。
U266,灵魂战士,SoulWarrior,部队,恶魔,先锋,,3500,79.55,88,340,352,近战,275,275,死后很快复活，并且更快。,复生,,,,,,浅坟：死亡1.5秒后复活，并增加50%的攻击速度。,,手持传说之剑，身披赤色甲胄。能死后复生。
U267,暴风炮蝠,Bat_T5,部队,科技,射手,,25300,2677.04,105,280,640,远程,4685,4685,不停扫射附近的敌人，越打越快。,刀锋,,,,,,"机枪手：每0.3秒对附近大范围内的1个敌人造成70%攻击力的额外技能伤害
超级杂技：每次攻击恢复3%法力值，每3.4%法力值增加6%的攻击速度
爆炸炮弹：击杀目标时，对目标附近(中范围)敌人造成80%攻击力的技能伤害",,飞行单位。拥有一个随机攻击地面单位的机枪手。
U268,狂战士,Berserker,部队,科技,战士,,3000,66.72,204,320,408,近战,355,355,盯住一个目标越打越痛。,刀锋,,,,,,决斗者：连续攻击同一个目标时，每次攻击额外造成20%攻击力的技能伤害，最多叠加20次,,能量战刃使其拥有逐渐增强的攻击。
U269,战神化身,Berserker_T5,部队,科技,战士,,45550,1014.87,204,320,408,近战,5395,5395,每次攻击连打三下，残血时攻速翻倍。,迅捷,,,,,,"部落战争：连击次数+3
无拘之怒：当此单位的生命值低于50%的时候，攻击速度会提高100%
决斗者：连续攻击同一个目标时，每次攻击额外造成25%攻击力的技能伤害，最多叠加20次",,能量战刃使其拥有逐渐增强的攻击。
U270,不败角斗王,Gladiator_T5,部队,科技,刺客,,25690,1799.42,204,360,272,近战,5395,5395,盯住一个目标越打越痛，攻击削弱目标防御，可叠加。,刀锋,,,,,,"决斗者：连续攻击同一个目标时，每次攻击额外造成32%攻击力的技能伤害，最多叠加25次
狼群：击中目标，降低目标5%防御，持续3秒，最多叠加15层
敏捷之足：闪避率+25%",,防御型单位。但是拥有对单个单位逐渐提升伤害的它对首领单位十分有效。
U271,风暴大法师,MageApprentice_T5,部队,科技,法师,,26670,3508.55,76,280,600,远程,4685,4685,蓄满法力后闪电连锁五个敌人，让身边友军法力恢复更快。,雷电,闪电打击：每秒恢复22%法力值，法力值满后，释放闪电锁链，电击7个敌方单位，对每个敌人造成自身150%的攻击力 + 0.25%目标最大生命值的伤害,敌人进入攻击范围,,,通用：螺旋聚气 → 爆散,"闪电打击：每秒恢复22%法力值，法力值满后，释放闪电锁链，电击7个敌方单位，对每个敌人造成自身150%的攻击力 + 0.25%目标最大生命值的伤害
魔法增幅：中范围光环，范围内友军法力恢复速度增加25%
部落战争：连击次数+1",,远程单位。拥有两条迥然不同的升级路线
U272,魔龙,MagicDragon,部队,科技,射手,,2300,403.88,63,220,1020,远程,425,425,击杀时引发爆炸。,火焰,,,,,,爆炸炮弹：击杀目标时，对目标附近(中范围)敌人造成11%攻击力的技能伤害,,昂贵的造价带来的是无可匹敌的力量。
U273,监工,Supervisor,部队,科技,祭司,,1620,98.43,127,250,880,远程,250,250,让身边友军攻速大幅提高。,光环 · 攻速,,,,,,秘银核心：中范围光环，增加15%的攻击速度。,,光环单位。使临近建造的单位能获得更多的攻击速度。
U274,光明圣者,HolyLightKnight_T5,部队,精灵,圣骑士,,54930,1973.33,87,320,304,近战,5395,5395,半血上场，但快速回血，持续治疗身边的友军。,治疗,,,,,,"超级细胞再生：以75%的生命值开始战斗，但每秒恢复2.5%已损失的生命值
奉献：每秒为附近小范围内的随机友军恢复5%的已损失生命值
共鸣：中范围光环，每秒恢复目标2.75%的已损失生命值，并增加10%防御。",,飞行单位。成熟体的它伤害以及坦度都得到了提升。
U275,毒龙,PoisonDragon,部队,精灵,先锋,,3370,66.19,102,240,352,近战,265,265,散发毒气，持续伤害身边的敌人。,毒,,,,,,毒气：对附近小范围的敌人造成0.74%*自身最大生命值 + 0.07%目标最大生命值的技能伤害,,进化后的毒性更强了。
U276,风暴游侠,Ranger_T5,部队,精灵,射手,,22360,2992.24,83,280,600,远程,4140,4140,每次攻击附带额外伤害，攻击会弹射到旁边的敌人。,刀锋,,,,,,"精准：每次攻击，造成52%攻击力的额外技能伤害
水之弹射：每次攻击会额外弹射攻击附近小范围的2个敌人
多重射击：每次攻击会额外攻击目标附近小范围的2个单位，造成100%攻击力的技能伤害。无法对同一个单位造成多次伤害",,远程单位。能增加首领单位受到的伤害
U277,风暴堡垒,StormFortress,部队,精灵,先锋,,5350,89.02,120,180,408,近战,420,420,反弹受到的伤害，每次攻击连打三下。,反伤,,,,,,"荆棘：反弹自身最大生命值0.2%+15%所受攻击的伤害
部落战争：连击次数+2",,能同时投掷3个香蕉，荆棘也能反弹更多伤害了。
U278,翠盾,VerdantShield,部队,精灵,守护者,,4140,133.28,74,290,408,近战,355,355,让身边友军防御大幅提高。,光环 · 守护,,,,,,议会：中范围光环，增加10%的防御,,光环单位。临近建造的单位受到更少的伤害。
U279,巫毒之王,VoodooBeliever_T5,部队,精灵,先锋,,52690,1064.59,99,340,240,近战,4140,4140,死亡时会对击杀者施加毒素，持续回血。,亡语,,,,,,"过敏反应：死亡时，对击杀者造成1400%攻击力的技能伤害
骸骨再生：每秒恢复4%已损失的生命值
浅坟：死亡1.5秒后复活，并增加50%的攻击速度。",,飞行单位。死亡时会对击杀者施加毒素。
U280,永咒剑魔,CursedSwordsman_T5,部队,自然,守护者,,62930,1946.16,77,300,256,近战,5395,5395,蓄满法力后砸伤一片敌人并削弱其伤害，让身边友军防御提高。,刀锋,铁之冰雹：每秒恢复16%法力值，法力值满后，对目标小范围内的敌人造成125%攻击力x2的技能伤害，同时被击中的单位的伤害降低6，持续5秒，最多叠加10次,敌人进入攻击范围,,,通用：螺旋聚气 → 爆散,"铁之冰雹：每秒恢复16%法力值，法力值满后，对目标小范围内的敌人造成125%攻击力x2的技能伤害，同时被击中的单位的伤害降低6，持续5秒，最多叠加10次
厚皮：中范围光环，增加8%的防御
共鸣：中范围光环，每秒恢复目标2.75%的已损失生命值，并增加10%防御。",,重装型单位。间隙性散射出诅咒之剑，造成范围伤害。
U281,火神塔,FireGodTower,部队,自然,商人,,2290,70.2,233,160,880,远程,340,340,死亡时掉落积分。,金币,,,,,,美味：死亡后，获得其最大生命值1%的积分,,从零重新设计过的双联装炮在保持了射速的情况下杀伤更强。
U282,天龙,GreenDragon_T5,部队,自然,牧师,,29210,2675.42,91,250,640,远程,4685,4685,用自己的生命治疗友军，持续回血。,治疗,灵魂转移：每秒恢复20%法力值。法力值满时，消耗自身生命（110%攻击力），治疗1名友军（340%攻击力）。不会对拥有相似效果的单位释放。,敌人进入攻击范围,,,通用：螺旋聚气 → 爆散,"灵魂转移：每秒恢复20%法力值。法力值满时，消耗自身生命（110%攻击力），治疗1名友军（340%攻击力）。不会对拥有相似效果的单位释放。
骸骨再生：每秒恢复4%已损失的生命值
奉献：每秒为附近小范围内的随机友军恢复4%的已损失生命值",,以自身的生命力为代价治疗友军。
U283,影骑士,ShadowKnight,部队,自然,召唤师,,2690,145.06,143,280,408,近战,415,415,每攻击几次召唤一个强力随从。,召唤,,,,,,憎恨繁殖者：每5次攻击召唤一个超级随从，存在40秒。,,使用一柄可以斩断现实之织的巨剑
U284,暗影君王,ShadowSwordsman_T5,部队,自然,召唤师,,35010,1883.65,143,300,304,近战,5395,5395,每攻击几次召唤一个强力随从，常常闪避攻击。,召唤,,,,,,"憎恨繁殖者：每4次攻击召唤一个超级随从，存在40秒。
敏捷之足：闪避率+20%",,每次攻击时有几率复制自己。
U285,翠影贤者,WildMage_T5,部队,自然,法师,,23570,2356.06,100,340,240,近战,4140,4140,每次攻击溅射周围敌人，击杀时引发爆炸。,刀锋,,,,,,"飞叶快刀：每次攻击，对目标附近小范围的敌人造成125%攻击力的技能伤害
爆炸炮弹：击杀目标时，对目标附近(中范围)敌人造成60%攻击力的技能伤害
魔法增幅：中范围光环，范围内友军法力恢复速度增加25%",,能造成溅射伤害，其真正的力量隐藏于升级之后的形态。
U286,影王之刃,BlackSword_T5,部队,虚空,刺客,,22310,3391.07,94,320,240,近战,4685,4685,攻击削弱目标防御，可叠加，常常闪避攻击。,诅咒,,,,,,"狼群：击中目标，降低目标10%防御，持续3秒，最多叠加15层
敏捷之足：闪避率+25%
伏击：战斗开始时隐身，偷袭远程目标，造成800%攻击力的技能伤害",,最好是成群结队地作战，而不是单打独斗。当多个嚎狼／阳牙攻击同一个目标时，会造成更多的伤害。
U287,蟹巫,Crabomancer,部队,虚空,召唤师,,1690,103.68,125,240,880,远程,260,260,蓄满法力后召唤巨蟹钳。,召唤,召唤蟹钳：每秒恢复2.5%法力值，法力值满后，召唤一只Pincer，持续40秒,有敌人逼近到 600 以内,,,法阵 → 法阵（sea）,召唤蟹钳：每秒恢复2.5%法力值，法力值满后，召唤一只Pincer，持续40秒,,现在召唤一只致命的蟹钳来战斗。
U288,蟹皇,CrabWarlock_T5,部队,虚空,召唤师,,35010,2154.89,125,270,640,远程,5395,5395,蓄满法力后召唤巨蟹钳，击杀时回复法力。,召唤,召唤蟹钳：每秒恢复4%法力值，法力值满后，召唤一只Pincer，持续40秒,敌人进入攻击范围,,,通用：螺旋聚气 → 爆散,"召唤蟹钳：每秒恢复4%法力值，法力值满后，召唤一只Pincer，持续40秒
智力：击杀单位时恢复9%的最大法力值
厚皮：中范围光环，增加8%的防御",,召唤一只小螃蟹来做它的脏活。
U289,暗牙王,DarkFang_T5,部队,虚空,祭司,,30410,2487.83,94,290,272,近战,4685,4685,让身边友军伤害提高，但更脆，持续回血。,光环 · 伤害,,,,,,"领袖光环：使附近盟友的伤害和技能伤害提高28%，但受到的伤害也提高12%。不叠加。
骸骨再生：每秒恢复4%已损失的生命值
充能：中范围光环，增加10%的攻击速度。",,它的金色皮毛标志着它是最凶猛的掠食者。当多个嚎狼／阳牙攻击同一个目标时，会造成更多的伤害。
U290,巨型歼灭者,GigaAnnihilator,部队,虚空,射手,,1840,407.11,50,240,880,远程,340,340,每箭附带火焰伤害。,火焰,,,,,,火焰箭：每次攻击消耗0.5%法力值，造成140%攻击力的额外技能伤害,,维克特拉的独特单位。
U291,世界之树,LifeTree_T5,部队,虚空,圣骑士,,54930,2145.99,80,280,304,近战,5395,5395,持续治疗身边的友军，持续回血。,治疗,,,,,,"奉献：每秒为附近小范围内的随机友军恢复9%的已损失生命值
骸骨再生：每秒恢复4%已损失的生命值
共鸣：中范围光环，每秒恢复目标3.5%的已损失生命值，并增加12%防御。",,为建造于其后方的单位恢复生命值。
U292,天空机器人,Skybot,部队,虚空,战士,,3000,80.54,169,280,408,近战,355,355,每次攻击溅射周围敌人，攻击削弱目标防御。,火焰,,,,,,"火焰占卜：每次攻击，对目标附近中范围的敌人造成50%攻击力的技能伤害
电磁脉冲：击中目标，降低目标1%防御，持续3秒，最多15次。",,飞行单位。专为战斗而设计，其力量的增长与其升级后AI的凶猛程度相匹配。现在施加3层减益效果。
U293,天穹战甲,Skybot_T5,部队,虚空,战士,,50150,1348.84,169,280,408,近战,5940,5940,每次攻击溅射周围敌人，攻击削弱目标防御。,火焰,,,,,,"火焰占卜：每次攻击，对目标附近中范围的敌人造成80%攻击力的技能伤害
电磁脉冲：击中目标，降低目标2%防御，持续3秒，最多20次。
部落战争：连击次数+1",,飞行单位。专为战斗而设计，其力量的增长与其升级后AI的凶猛程度相匹配。现在施加3层减益效果。
U294,七海霸主,VikingPirate_T5,部队,虚空,商人,,27880,2399.8,83,340,240,近战,4140,4140,活过一场战斗就赚积分，开战时可能加速。,金币,,,,,,"秘密储藏：战斗结束后，如果该单位存活，获得该单位1.8%*最大生命值的积分
卖空：战斗开始时，60%概率，本场增加15%的攻击速度
决斗者：连续攻击同一个目标时，每次攻击额外造成20%攻击力的技能伤害，最多叠加20次",,拥有秘密贮藏，可以以更高的百分比价格出售。属性更低。
U295,虚空魔鬼鱼,VoidManta,部队,虚空,祭司,,1750,97.1,139,280,880,远程,270,270,持续削弱周围敌人的伤害。,光环 · 削弱,,,,,,等离子衰减：中范围光环，每3秒使敌人的伤害降低2%，最多叠加25次。,,现在每次弹射都会施加多层等离子衰减。
U296,流浪投石机,WanderingTrebuchet,部队,虚空,射手,,2300,195.73,130,160,1020,远程,425,425,目标越远伤害越高。,火焰,,,,,,火炮：目标越远，造成的伤害越高，最高额外增加100%,,不知何故，它越是吱吱作响、摇摇欲坠，就越是强大。
U297,虚空魔鬼鱼,WarpWing_T5,部队,虚空,祭司,,35010,1937.85,139,300,640,远程,5395,5395,持续削弱周围敌人的伤害，常常闪避攻击。,光环 · 削弱,,,,,,"等离子衰减：中范围光环，每2秒使敌人的伤害降低3%，最多叠加25次。
敏捷之足：闪避率+20%
空中指挥：中范围光环，伤害提高12%",,飞行单位。降低其目标的攻击伤害。
U298,死亡弓王,Archer_T5,部队,骷髅,射手,,25300,2958.83,95,280,600,远程,4685,4685,每箭附带火焰伤害，持续回血。,火焰,,,,,,"火焰箭：每次攻击消耗0.5%法力值，造成240%攻击力的额外技能伤害
骸骨再生：每秒恢复4%已损失的生命值
爆炸炮弹：击杀目标时，对目标附近(中范围)敌人造成80%攻击力的技能伤害",,远程单位。在被动恢复生命值的基础上可以使用法力值射出燃烧箭造成额外伤害。
U299,血月领主,BloodKnight_T5,部队,骷髅,守护者,,62930,1513.68,99,340,256,近战,5395,5395,让身边友军攻击吸血，让身边友军防御提高。,光环 · 吸血,,,,,,"吸血：中范围光环，提供26%的吸血。
厚皮：中范围光环，增加8%的防御
浅坟：死亡1.5秒后复活，并增加50%的攻击速度。",,光环单位。临近建造的单位获得吸血和法术吸血。
U300,死神,GrimReaper,部队,骷髅,召唤师,,2660,204.75,100,240,1020,远程,410,410,身边敌人死亡时回复法力，蓄满法力后召唤骨龙。,亡语,召唤死神：每秒恢复2%法力值，法力值满后，召唤一只BoneDragon，持续40秒,有敌人逼近到 600 以内,,,法阵 → 法阵（teal）,"亡灵法术：附近(大范围)敌人死亡时恢复3%最大法力值
召唤死神：每秒恢复2%法力值，法力值满后，召唤一只BoneDragon，持续40秒
智力：击杀单位时恢复7%的最大法力值",,召唤一只拥有无可匹敌力量的巨龙。敌方单位死亡时恢复法力值。
U301,狮锤,LionHammer,部队,骷髅,圣骑士,,2700,85.12,99,300,352,近战,265,265,让身边友军攻击大量吸血，蓄满法力后给一名友军回血。,光环 · 吸血,颅骨炖汤：每秒恢复13%法力值，法力值满后，恢复1个友军10%最大生命值,有友军生命低于 60%,,,毒雾 → 十字光点（toxic）,"同类相食：中范围光环，提供30%的吸血。
颅骨炖汤：每秒恢复13%法力值，法力值满后，恢复1个友军10%最大生命值",,光环单位。拥有一个主动治疗技能且临近建造的单位获得吸血和法术吸血。
U302,狮王圣锤,LionHammer_T5,部队,骷髅,圣骑士,,54930,1734.14,99,300,352,近战,5395,5395,让身边友军攻击大量吸血，蓄满法力后给一名友军回血。,光环 · 吸血,颅骨炖汤：每秒恢复15%法力值，法力值满后，恢复2个友军15%最大生命值,敌人进入攻击范围,,,通用：螺旋聚气 → 爆散,"同类相食：中范围光环，提供28%的吸血。
颅骨炖汤：每秒恢复15%法力值，法力值满后，恢复2个友军15%最大生命值
浅坟：死亡1.5秒后复活，并增加50%的攻击速度。",,光环单位。拥有一个主动治疗技能且临近建造的单位获得吸血和法术吸血。
U303,骸骨魔导,Mage_T5,部队,骷髅,祭司,,30410,2627.59,89,280,640,远程,4685,4685,让身边友军攻速提高，持续回血。,光环 · 攻速,,,,,,"充能：中范围光环，增加17%的攻击速度。
骸骨再生：每秒恢复4%已损失的生命值
空中指挥：中范围光环，伤害提高12%",,可以为一名友方单位增加大量攻击速度。
U304,幻影舞者,PhantomDancer,部队,骷髅,刺客,,1620,115.6,200,320,352,近战,340,340,每次攻击都永久变强。,狂怒,,,,,,致命：每次攻击永久增加2点攻击力。,,每次攻击时收割敌人的能量都使其的镰刀更加强大。
U305,百兽之主,Summoner_T5,部队,骷髅,召唤师,,35010,2776.92,97,290,256,近战,5395,5395,蓄满法力后召唤恐狼，击杀时回复法力。,召唤,召唤地狱犬：每秒恢复8%法力值，法力值满后，召唤2只DireWolf，持续40秒,敌人进入攻击范围,,,通用：螺旋聚气 → 爆散,"召唤地狱犬：每秒恢复8%法力值，法力值满后，召唤2只DireWolf，持续40秒
智力：击杀单位时恢复9%的最大法力值",,能召唤混沌猎犬作战。
U306,财神鸡,Chick_T6,部队,不死,商人,,52130,3415.96,109,300,600,远程,7740,7740,死亡时掉落积分，活过一场战斗就赚积分。,金币,,,,,,"美味：死亡后，获得其最大生命值2.6%的积分
秘密储藏：战斗结束后，如果该单位存活，获得该单位1.68%*最大生命值的积分
偏转：受到的远程单位伤害减少26%",,飞行单位。能升级为两种不同的形态。
U307,神铸城壁,FootSoldier_T6,部队,不死,先锋,,196770,4421.96,89,340,240,近战,15460,15460,受到的伤害减少，受到的远程伤害减少。,守护,,,,,,"石肤术：受到的伤害减少48%
偏转：受到的远程单位伤害减少31%
荆棘：反弹自身最大生命值0.26%+20%所受攻击的伤害
棱光护盾：每秒恢复6%法力值。每次受到攻击，消耗10%的法力值，吸收85%的伤害。",,敌人死亡时积攒层数。层数越多最终升级形态越强。
U308,海神之影,WaterWarrior_T6,部队,不死,刺客,,84790,11761.08,103,360,256,近战,17805,17805,开战时隐身，偷袭敌方远程，常常闪避攻击。,潜行,,,,,,"伏击：战斗开始时隐身，偷袭远程目标，造成1880%攻击力的技能伤害
敏捷之足：闪避率+31%
狼群：击中目标，降低目标10%防御，持续4秒，最多叠加16层
超速射击：连击次数+2",,每波开始时遁地。在五秒后会破土而出，推荐建造于前线。
U309,不灭斗神,SlaveLord_T6,部队,人类,战士,,130520,6449.1,92,340,256,近战,15460,15460,残血时攻速翻倍，持续回血。,狂怒,最终审判：攻击恢复5%法力值，被攻击恢复0.3%法力值，法力值满后，下面25次攻击，造成中范围(35%攻击力)的技能伤害。,敌人进入攻击范围,,,通用：螺旋聚气 → 爆散,"无拘之怒：当此单位的生命值低于66%的时候，攻击速度会提高218%
骸骨再生：每秒恢复5%已损失的生命值
决斗者：连续攻击同一个目标时，每次攻击额外造成26%攻击力的技能伤害，最多叠加26次
最终审判：攻击恢复5%法力值，被攻击恢复0.3%法力值，法力值满后，下面25次攻击，造成中范围(35%攻击力)的技能伤害。",,重装单位。低生命值时攻击速度变快。
U310,神驹,YellowManeHorse_T6,部队,人类,守护者,,180350,5173.32,83,340,240,近战,15460,15460,让身边友军防御提高，持续回血。,光环 · 守护,,,,,,"厚皮：中范围光环，增加16%的防御
骸骨再生：每秒恢复5%已损失的生命值
共鸣：中范围光环，每秒恢复目标3.58%的已损失生命值，并增加13%防御。
议会：中范围光环，增加15%的防御",,为周围的友方单位恢复法力。
U311,时间之神,TimeMage_T6,部队,僵尸,法师,,101350,11648.93,87,250,880,远程,17805,17805,蓄满法力后召唤陨石砸单个敌人，让身边友军法力恢复更快。,奥术,小行星：每秒恢复4.6%的法力值，法力值满后，对单个目标造成1047%攻击力+ 3.1%自身最大生命值的技能伤害,敌人进入攻击范围,,,通用：螺旋聚气 → 爆散,"小行星：每秒恢复4.6%的法力值，法力值满后，对单个目标造成1047%攻击力+ 3.1%自身最大生命值的技能伤害
魔法增幅：中范围光环，范围内友军法力恢复速度增加42%
爆炸炮弹：击杀目标时，对目标附近(中范围)敌人造成104%攻击力的技能伤害",,光环单位。临近建造的单位法力恢复加快
U312,撼地猪神,BigWildBoar_T6,部队,兽人,先锋,,226620,4532.43,100,360,304,近战,17805,17805,开战时跳进敌群砸地，反弹受到的伤害。,冲锋,,,,,,"奔踏：在战斗开始的时候跳向敌人，对中范围内的敌人造成5.28%自身最大生命值的技能伤害。
倒刺：反弹自身最大生命值0.72%+19%所受攻击的伤害
敏捷之足：闪避率+33%
棱光护盾：每秒恢复6%法力值。每次受到攻击，消耗10%的法力值，吸收85%的伤害。",,重装单位。能冲锋进入战场造成溅射伤害
U313,圣沙之神,DesertBeliever_T6,部队,兽人,牧师,,96400,9450.79,85,280,640,远程,15460,15460,蓄满法力后治疗一串友军，持续回血。,治疗,治疗链：每秒恢复13%法力值，法力值满后，治疗1个友军生命值（372%攻击力），并弹射到5个附近的友军。,敌人进入攻击范围,,,通用：螺旋聚气 → 爆散,"治疗链：每秒恢复13%法力值，法力值满后，治疗1个友军生命值（372%攻击力），并弹射到5个附近的友军。
骸骨再生：每秒恢复5%已损失的生命值
共鸣：中范围光环，每秒恢复目标3.58%的已损失生命值，并增加13%防御。
盖亚之盾：战斗开始时，为生命值最高的单位增加3000最大生命值，战斗结束后取消。可叠加。",,使用治疗链治疗多个友方单位。
U314,玉神麒麟,JadeBeast_T6,部队,兽人,商人,,79910,5707.94,100,320,256,近战,11865,11865,场上商人越多，积分倍率越高，死亡时掉落积分。,金币,,,,,,"玉石共鸣：场上存在2个商人单位时，积分倍率+0.3；存在3个商人单位时，积分倍率再+0.3
美味：死亡后，获得其最大生命值1.96%的积分
卖空：战斗开始时，65%概率，本场增加20%的攻击速度
秘密储藏：战斗结束后，如果该单位存活，获得该单位2%*最大生命值的积分",,身上长着玉石的兽，同族越多越值钱。
U315,蛇神,SnakeGodMessenger_T6,部队,兽人,牧师,,111020,10884.51,85,280,880,远程,17805,17805,开战时给最肉的友军加大量生命，蓄满法力后治疗一串友军。,治疗,治疗链：每秒恢复11%法力值，法力值满后，治疗1个友军生命值（238%攻击力），并弹射到4个附近的友军。,敌人进入攻击范围,,,通用：螺旋聚气 → 爆散,"盖亚之盾：战斗开始时，为生命值最高的单位增加8840最大生命值，战斗结束后取消。可叠加。
治疗链：每秒恢复11%法力值，法力值满后，治疗1个友军生命值（238%攻击力），并弹射到4个附近的友军。
奉献：每秒为附近小范围内的随机友军恢复5%的已损失生命值",,使用大地之灵祝福友方单位，增加其最大生命值。
U316,雷神蝠,Bat_T6,部队,科技,射手,,83480,8834.71,105,280,640,远程,15460,15460,不停扫射附近的敌人，越打越快。,刀锋,,,,,,"机枪手：每0.18秒对附近大范围内的1个敌人造成82%攻击力的额外技能伤害
超级杂技：每次攻击恢复3.6%法力值，每3.4%法力值增加7%的攻击速度
爆炸炮弹：击杀目标时，对目标附近(中范围)敌人造成104%攻击力的技能伤害
超速射击：连击次数+3",,飞行单位。拥有一个随机攻击地面单位的机枪手。
U317,战神,Berserker_T6,部队,科技,战士,,150320,3349.52,204,320,408,近战,17805,17805,每次攻击连打三下，残血时攻速翻倍。,迅捷,最终审判：攻击恢复5%法力值，被攻击恢复0.3%法力值，法力值满后，下面25次攻击，造成中范围(35%攻击力)的技能伤害。,敌人进入攻击范围,,,通用：螺旋聚气 → 爆散,"部落战争：连击次数+4
无拘之怒：当此单位的生命值低于50%的时候，攻击速度会提高136%
决斗者：连续攻击同一个目标时，每次攻击额外造成33%攻击力的技能伤害，最多叠加26次
最终审判：攻击恢复5%法力值，被攻击恢复0.3%法力值，法力值满后，下面25次攻击，造成中范围(35%攻击力)的技能伤害。",,能量战刃使其拥有逐渐增强的攻击。
U318,角斗之神,Gladiator_T6,部队,科技,刺客,,84790,5938.19,204,360,272,近战,17805,17805,盯住一个目标越打越痛，攻击削弱目标防御，可叠加。,刀锋,,,,,,"决斗者：连续攻击同一个目标时，每次攻击额外造成40%攻击力的技能伤害，最多叠加31次
狼群：击中目标，降低目标6%防御，持续3秒，最多叠加19层
敏捷之足：闪避率+33%
超速射击：连击次数+2",,防御型单位。但是拥有对单个单位逐渐提升伤害的它对首领单位十分有效。
U319,雷神,MageApprentice_T6,部队,科技,法师,,88000,11578.91,76,280,600,远程,15460,15460,蓄满法力后闪电连锁五个敌人，让身边友军法力恢复更快。,雷电,闪电打击：每秒恢复24%法力值，法力值满后，释放闪电锁链，电击8个敌方单位，对每个敌人造成自身180%的攻击力 + 0.31%目标最大生命值的伤害,敌人进入攻击范围,,,通用：螺旋聚气 → 爆散,"闪电打击：每秒恢复24%法力值，法力值满后，释放闪电锁链，电击8个敌方单位，对每个敌人造成自身180%的攻击力 + 0.31%目标最大生命值的伤害
魔法增幅：中范围光环，范围内友军法力恢复速度增加31%
部落战争：连击次数+1
小行星：每秒恢复4%的法力值，法力值满后，对单个目标造成900%攻击力+ 3%自身最大生命值的技能伤害",,远程单位。拥有两条迥然不同的升级路线
U320,光之神使,HolyLightKnight_T6,部队,精灵,圣骑士,,181300,6511.96,87,320,304,近战,17805,17805,半血上场，但快速回血，持续治疗身边的友军。,治疗,,,,,,"超级细胞再生：以81%的生命值开始战斗，但每秒恢复3.22%已损失的生命值
奉献：每秒为附近小范围内的随机友军恢复6%的已损失生命值
共鸣：中范围光环，每秒恢复目标3.58%的已损失生命值，并增加13%防御。
浅坟：死亡1秒后复活，并增加80%的攻击速度。",,飞行单位。成熟体的它伤害以及坦度都得到了提升。
U321,风神射手,Ranger_T6,部队,精灵,射手,,73760,9875.23,83,280,600,远程,13660,13660,每次攻击附带额外伤害，攻击会弹射到旁边的敌人。,刀锋,,,,,,"精准：每次攻击，造成64%攻击力的额外技能伤害
水之弹射：每次攻击会额外弹射攻击附近小范围的3个敌人
多重射击：每次攻击会额外攻击目标附近小范围的3个单位，造成130%攻击力的技能伤害。无法对同一个单位造成多次伤害
超速射击：连击次数+3",,远程单位。能增加首领单位受到的伤害
U322,巫毒神,VoodooBeliever_T6,部队,精灵,先锋,,173860,3512.46,99,340,240,近战,13660,13660,死亡时会对击杀者施加毒素，持续回血。,亡语,,,,,,"过敏反应：死亡时，对击杀者造成1880%攻击力的技能伤害
骸骨再生：每秒恢复5%已损失的生命值
浅坟：死亡1.95秒后复活，并增加65%的攻击速度。
棱光护盾：每秒恢复6%法力值。每次受到攻击，消耗10%的法力值，吸收85%的伤害。",,飞行单位。死亡时会对击杀者施加毒素。
U323,咒神,CursedSwordsman_T6,部队,自然,守护者,,207700,6422.46,77,300,256,近战,17805,17805,蓄满法力后砸伤一片敌人并削弱其伤害，让身边友军防御提高。,刀锋,铁之冰雹：每秒恢复17%法力值，法力值满后，对目标小范围内的敌人造成155%攻击力x2的技能伤害，同时被击中的单位的伤害降低8，持续5秒，最多叠加10次,敌人进入攻击范围,,,通用：螺旋聚气 → 爆散,"铁之冰雹：每秒恢复17%法力值，法力值满后，对目标小范围内的敌人造成155%攻击力x2的技能伤害，同时被击中的单位的伤害降低8，持续5秒，最多叠加10次
厚皮：中范围光环，增加10%的防御
共鸣：中范围光环，每秒恢复目标3.58%的已损失生命值，并增加13%防御。
议会：中范围光环，增加15%的防御",,重装型单位。间隙性散射出诅咒之剑，造成范围伤害。
U324,龙神,GreenDragon_T6,部队,自然,牧师,,96400,8827.66,91,250,640,远程,15460,15460,用自己的生命治疗友军，持续回血。,治疗,灵魂转移：每秒恢复22%法力值。法力值满时，消耗自身生命（90%攻击力），治疗1名友军（420%攻击力）。不会对拥有相似效果的单位释放。,敌人进入攻击范围,,,通用：螺旋聚气 → 爆散,"灵魂转移：每秒恢复22%法力值。法力值满时，消耗自身生命（90%攻击力），治疗1名友军（420%攻击力）。不会对拥有相似效果的单位释放。
骸骨再生：每秒恢复5%已损失的生命值
奉献：每秒为附近小范围内的随机友军恢复5%的已损失生命值
盖亚之盾：战斗开始时，为生命值最高的单位增加3000最大生命值，战斗结束后取消。可叠加。",,以自身的生命力为代价治疗友军。
U325,暗影神,ShadowSwordsman_T6,部队,自然,召唤师,,115550,6216.17,143,300,304,近战,17805,17805,每攻击几次召唤一个强力随从，常常闪避攻击。,召唤,超级裂隙：每秒恢复16%法力值，法力值满后，损失1040点生命值，召唤1个MagicLeopard和1个EvilDog，持续180秒。,敌人进入攻击范围,,,通用：螺旋聚气 → 爆散,"憎恨繁殖者：每3次攻击召唤一个超级随从，存在40秒。
敏捷之足：闪避率+26%
超级裂隙：每秒恢复16%法力值，法力值满后，损失1040点生命值，召唤1个MagicLeopard和1个EvilDog，持续180秒。",,每次攻击时有几率复制自己。
U326,森之神,WildMage_T6,部队,自然,法师,,77750,7775.82,100,340,240,近战,13660,13660,每次攻击溅射周围敌人，击杀时引发爆炸。,刀锋,小行星：每秒恢复4%的法力值，法力值满后，对单个目标造成900%攻击力+ 3%自身最大生命值的技能伤害,敌人进入攻击范围,,,通用：螺旋聚气 → 爆散,"飞叶快刀：每次攻击，对目标附近小范围的敌人造成155%攻击力的技能伤害
爆炸炮弹：击杀目标时，对目标附近(中范围)敌人造成78%攻击力的技能伤害
魔法增幅：中范围光环，范围内友军法力恢复速度增加33%
小行星：每秒恢复4%的法力值，法力值满后，对单个目标造成900%攻击力+ 3%自身最大生命值的技能伤害",,能造成溅射伤害，其真正的力量隐藏于升级之后的形态。
U327,影神之刃,BlackSword_T6,部队,虚空,刺客,,73630,11188.74,94,320,240,近战,15460,15460,攻击削弱目标防御，可叠加，常常闪避攻击。,诅咒,,,,,,"狼群：击中目标，降低目标12%防御，持续3秒，最多叠加19层
敏捷之足：闪避率+31%
伏击：战斗开始时隐身，偷袭远程目标，造成1040%攻击力的技能伤害
超速射击：连击次数+2",,最好是成群结队地作战，而不是单打独斗。当多个嚎狼／阳牙攻击同一个目标时，会造成更多的伤害。
U328,蟹神,CrabWarlock_T6,部队,虚空,召唤师,,115550,7111.3,125,270,640,远程,17805,17805,蓄满法力后召唤巨蟹钳，击杀时回复法力。,召唤,召唤蟹钳：每秒恢复5%法力值，法力值满后，召唤2只Pincer，持续40秒,敌人进入攻击范围,,,通用：螺旋聚气 → 爆散,"召唤蟹钳：每秒恢复5%法力值，法力值满后，召唤2只Pincer，持续40秒
智力：击杀单位时恢复11%的最大法力值
厚皮：中范围光环，增加10%的防御
超级裂隙：每秒恢复16%法力值，法力值满后，损失1040点生命值，召唤1个MagicLeopard和1个EvilDog，持续180秒。",,召唤一只小螃蟹来做它的脏活。
U329,暗牙神,DarkFang_T6,部队,虚空,祭司,,100340,8210.36,94,290,272,近战,15460,15460,让身边友军伤害提高，但更脆，持续回血。,光环 · 伤害,,,,,,"领袖光环：使附近盟友的伤害和技能伤害提高38%，但受到的伤害也提高10%。不叠加。
骸骨再生：每秒恢复5%已损失的生命值
充能：中范围光环，增加13%的攻击速度。",,它的金色皮毛标志着它是最凶猛的掠食者。当多个嚎狼／阳牙攻击同一个目标时，会造成更多的伤害。
U330,生命之神,LifeTree_T6,部队,虚空,圣骑士,,181300,7081.76,80,280,304,近战,17805,17805,持续治疗身边的友军，持续回血。,治疗,,,,,,"奉献：每秒为附近小范围内的随机友军恢复11%的已损失生命值
骸骨再生：每秒恢复5%已损失的生命值
共鸣：中范围光环，每秒恢复目标4.55%的已损失生命值，并增加16%防御。
浅坟：死亡1秒后复活，并增加80%的攻击速度。",,为建造于其后方的单位恢复生命值。
U331,神机,Skybot_T6,部队,虚空,战士,,165480,4450.67,169,280,408,近战,19600,19600,每次攻击溅射周围敌人，攻击削弱目标防御。,火焰,最终审判：攻击恢复5%法力值，被攻击恢复0.3%法力值，法力值满后，下面25次攻击，造成中范围(35%攻击力)的技能伤害。,敌人进入攻击范围,,,通用：螺旋聚气 → 爆散,"火焰占卜：每次攻击，对目标附近中范围的敌人造成104%攻击力的技能伤害
电磁脉冲：击中目标，降低目标2.6%防御，持续3秒，最多26次。
部落战争：连击次数+1
最终审判：攻击恢复5%法力值，被攻击恢复0.3%法力值，法力值满后，下面25次攻击，造成中范围(35%攻击力)的技能伤害。",,飞行单位。专为战斗而设计，其力量的增长与其升级后AI的凶猛程度相匹配。现在施加3层减益效果。
U332,海神,VikingPirate_T6,部队,虚空,商人,,92000,7917.36,83,340,240,近战,13660,13660,活过一场战斗就赚积分，开战时可能加速。,金币,,,,,,"秘密储藏：战斗结束后，如果该单位存活，获得该单位2.4%*最大生命值的积分
卖空：战斗开始时，84%概率，本场增加19%的攻击速度
决斗者：连续攻击同一个目标时，每次攻击额外造成26%攻击力的技能伤害，最多叠加26次",,拥有秘密贮藏，可以以更高的百分比价格出售。属性更低。
U333,虚空之神,WarpWing_T6,部队,虚空,祭司,,115550,6395.05,139,300,640,远程,17805,17805,持续削弱周围敌人的伤害，常常闪避攻击。,光环 · 削弱,,,,,,"等离子衰减：中范围光环，每1.4秒使敌人的伤害降低3.6%，最多叠加25次。
敏捷之足：闪避率+26%
空中指挥：中范围光环，伤害提高16%
领袖光环：使附近盟友的伤害和技能伤害提高30%，但受到的伤害也提高10%。不叠加。",,飞行单位。降低其目标的攻击伤害。
U334,冥神弓,Archer_T6,部队,骷髅,射手,,83480,9764.68,95,280,600,远程,15460,15460,每箭附带火焰伤害，持续回血。,火焰,,,,,,"火焰箭：每次攻击消耗0.5%法力值，造成300%攻击力的额外技能伤害
骸骨再生：每秒恢复5%已损失的生命值
爆炸炮弹：击杀目标时，对目标附近(中范围)敌人造成104%攻击力的技能伤害
超速射击：连击次数+3",,远程单位。在被动恢复生命值的基础上可以使用法力值射出燃烧箭造成额外伤害。
U335,血神,BloodKnight_T6,部队,骷髅,守护者,,207700,4995.25,99,340,256,近战,17805,17805,让身边友军攻击吸血，让身边友军防御提高。,光环 · 吸血,,,,,,"吸血：中范围光环，提供33%的吸血。
厚皮：中范围光环，增加10%的防御
浅坟：死亡1.95秒后复活，并增加65%的攻击速度。
议会：中范围光环，增加15%的防御",,光环单位。临近建造的单位获得吸血和法术吸血。
U336,狮神,LionHammer_T6,部队,骷髅,圣骑士,,181300,5722.63,99,300,352,近战,17805,17805,让身边友军攻击大量吸血，蓄满法力后给一名友军回血。,光环 · 吸血,颅骨炖汤：每秒恢复16%法力值，法力值满后，恢复3个友军19%最大生命值,敌人进入攻击范围,,,通用：螺旋聚气 → 爆散,"同类相食：中范围光环，提供38%的吸血。
颅骨炖汤：每秒恢复16%法力值，法力值满后，恢复3个友军19%最大生命值
浅坟：死亡1.95秒后复活，并增加65%的攻击速度。",,光环单位。拥有一个主动治疗技能且临近建造的单位获得吸血和法术吸血。
U337,骸骨之神,Mage_T6,部队,骷髅,祭司,,100340,8671.61,89,280,640,远程,15460,15460,让身边友军攻速提高，持续回血。,光环 · 攻速,,,,,,"充能：中范围光环，增加22%的攻击速度。
骸骨再生：每秒恢复5%已损失的生命值
空中指挥：中范围光环，伤害提高16%
领袖光环：使附近盟友的伤害和技能伤害提高30%，但受到的伤害也提高10%。不叠加。",,可以为一名友方单位增加大量攻击速度。
U338,兽神,Summoner_T6,部队,骷髅,召唤师,,115550,9164.05,97,290,256,近战,17805,17805,蓄满法力后召唤恐狼，击杀时回复法力。,召唤,召唤地狱犬：每秒恢复10%法力值，法力值满后，召唤2只VengefulDragon，持续40秒,敌人进入攻击范围,,,通用：螺旋聚气 → 爆散,"召唤地狱犬：每秒恢复10%法力值，法力值满后，召唤2只VengefulDragon，持续40秒
智力：击杀单位时恢复11%的最大法力值
超级裂隙：每秒恢复16%法力值，法力值满后，损失1040点生命值，召唤1个MagicLeopard和1个EvilDog，持续180秒。",,能召唤混沌猎犬作战。
U339,混沌邪犬,ChaosEvilDog,敌人,混沌,,普通,740,23,154,360,240,近战,70,90,受到的远程伤害减少。,守护,,,,,,偏转：受到的远程单位伤害减少15%,,它们的外骨骼使拥有远程攻击抗性。
U340,混沌邪猪,ChaosEvilPig,敌人,混沌,,普通,600,20,154,290,600,远程,60,76,普通单位。,—,,,,,,,,中程单位。通过喷射魔法毒素攻击。
U341,混沌鼠,ChaosRat,敌人,混沌,,普通,830,39,79,320,240,近战,75,89,越打越痛。,刀锋,,,,,,穿刺：每次攻击，伤害增加4%，最多叠加10次,,数量较少的强力单位。攻击能暴击。
U342,腐尸鼠,DecayingCorpseRat,敌人,混沌,,普通,120,6,87,320,240,近战,15,14,普通单位。,—,,,,,,,,壳不是很硬，爪子也不太锋利。
U343,赤邪眼,EvilEyeRed,敌人,混沌,,普通,230,12,108,320,240,近战,25,30,普通单位。,—,,,,,,,,飞行单位。虽然爪子不是很尖利，但是被抓了还了还是很疼。
U344,邪鼠,EvilRat,敌人,混沌,,普通,140,8,89,320,240,近战,15,18,普通单位。,—,,,,,,,,使用棍子敲击敌人的牙种生物。
U345,蛛母,MotherSpider,敌人,混沌,,普通,560,19,145,320,240,近战,60,69,死亡时召唤小蜘蛛。,召唤,,,,,,粘液球：当单位死亡时，原地召唤1个Spiderling,,在下水道中适应出魔法抗性的单位。
U346,翠蠕虫统领,VerdantWormCommander,敌人,混沌,,普通,340,15,99,320,240,近战,30,39,普通单位。,—,,,,,,,,使用尖锐的尾刺刺穿敌人。
U347,翠蠕虫兵,VerdantWormSoldier,敌人,混沌,,普通,120,8,83,320,240,近战,15,16,普通单位。,—,,,,,,,,拥有蜂拥式攻击的习性。
U348,蛮兵,Brute,敌人,野兽,,普通,880,52,108,320,240,近战,60,124,攻击会减慢目标的攻速。,诅咒,,,,,,重击：每次攻击使攻击速度降低15%（对国王为2%）。不叠加。,,重击敌人，减慢其攻击速度。
U349,恐龙,Dino,敌人,野兽,,普通,1040,41,135,320,240,近战,80,133,普通单位。,—,,,,,,,,不太聪明，但非常肉。
U350,龙龟,DragonTurtle,敌人,野兽,,普通,500,16,109,320,240,近战,40,52,普通单位。,—,,,,,,,,坚硬的外壳使它成为一个很好的肉盾。
U351,恶鬼,Fiend,敌人,野兽,,普通,770,18,80,320,240,近战,60,58,普通单位。,—,,,,,,,,尽管四肢纤细，但很肉。
U352,巨蜗,GiantSnail,敌人,野兽,,普通,540,19,114,300,240,近战,20,60,普通单位。,—,,,,,,,,近战肉盾（使用军团法术“巨型蜗牛”时可用）。
U353,隐士,Hermit,敌人,野兽,,普通,800,35,91,290,600,远程,80,89,让身边友军持续回血。,光环 · 治疗,,,,,,治疗光环：附近的盟友每秒恢复8点生命值（对首领为16点）。不叠加。,,奇怪的种子被动地治疗盟友。
U354,蜥蜴人,LizardEnemy,敌人,野兽,,普通,280,29,135,290,600,远程,40,58,普通单位。,—,,,,,,,,远程。从远处向敌人投掷长矛。
U355,机器人,Robo,敌人,野兽,,普通,430,25,75,290,600,远程,40,50,普通单位。,—,,,,,,,,远程。从远处挥舞着迷你火焰喷射器。
U356,蜗牛,Snail,敌人,野兽,,普通,240,8,114,320,240,近战,20,26,普通单位。,—,,,,,,,,弱。主要用作收入来源。
U357,混沌恐狼,ChaosDireWolf,敌人,混沌,,史诗,1290,59,135,350,256,近战,130,178,普通单位。,—,,,,,,,,拥有利爪的高伤害单位。
U358,混沌豪猪,ChaosPorcupine,敌人,混沌,,史诗,1080,34,161,280,640,远程,115,135,普通单位。,—,,,,,,,,远程单位。从背后射出针毛。
U359,翠蠕虫王,VerdantWormKing,敌人,混沌,,史诗,1360,60,99,280,256,近战,110,158,防御更高。,守护,,,,,,首领单位：防御增加30%,,迷你首领单位。一只巨大的赤蝎。
U360,炮手,Cannoneer,敌人,野兽,,史诗,770,93,154,200,640,远程,100,184,普通单位。,—,,,,,,,,她的远程大炮威力十足。
U361,幼龙,Drake,敌人,野兽,,史诗,960,70,95,310,640,远程,120,140,普通单位。,—,,,,,,,,虽然年轻，但其炽热的呼吸造成高额伤害。
U362,小鬼,Imp,敌人,野兽,,史诗,740,42,97,320,256,近战,100,96,成对出现。,召唤,,,,,,恶魔二人组：小鬼成对出现。,,派遣时额外召唤一个小鬼。造成高额伤害。
U363,安全鼹鼠,SafetyMole,敌人,野兽,,史诗,1590,74,115,320,256,近战,120,204,让身边友军受到的伤害减少。,光环 · 守护,,,,,,安全光环：附近的盟友受到的所有来源伤害减少4点。不叠加。,,安全第一！被动地减少附近盟友受到的伤害。
U364,混沌恐熊,ChaosDireBear,敌人,混沌,,传说,2090,80,120,280,272,近战,185,249,普通单位。,—,,,,,,,,拥有魔法抗性外壳的蛞蝓。
U365,混沌士兵,ChaosSoldier,敌人,混沌,,传说,3210,100,156,290,304,近战,320,393,普通单位。,—,,,,,,,,数量稀少但是十分强力的单位。
U366,腐烂鼠王,DecayingChampionRat,敌人,混沌,,传说,1990,90,115,300,272,近战,190,252,普通单位。,—,,,,,,,,高伤害单位。以群集作战著称。
U367,铁地龙,EarthDragonIron,敌人,混沌,,传说,2190,80,75,260,680,远程,240,201,普通单位。,—,,,,,,,,短程单位。从腔处射出魔法墨汁。
U368,暗邪眼,EvilEyeDark,敌人,混沌,,传说,3300,110,167,290,304,近战,340,433,普通单位。,—,,,,,,,,飞行单位。龙之血脉使其拥有魔法抗性。
U369,半人马,Centaur,敌人,野兽,,传说,4160,90,65,290,304,近战,280,274,每次攻击连打两下。,迅捷,,,,,,顺劈：连击次数+1,,高伤害输出者。劈砍最多$1个敌人。
U370,四眼,FourEyes,敌人,野兽,,传说,2550,42,44,280,680,远程,240,121,盯住一个目标越打越痛。,诅咒,,,,,,死亡凝视：对同一目标连续攻击时，每次攻击造成10点（对国王为6点）额外魔法伤害。,,攻击同一目标的次数越多，造成的伤害就越高。
U371,幽灵骑士,GhostKnight,敌人,野兽,,传说,4070,172,110,300,272,近战,240,488,受到的普通攻击伤害减少。,潜行,,,,,,幽灵行者：受到的自动攻击（非技能伤害）伤害减少20%。,,受到的所有自动攻击（非技能伤害）伤害减少。
U372,蜜熊,HoneyBear,敌人,野兽,,传说,2550,113,85,280,272,近战,180,275,死亡时为身边友军回血。,治疗,,,,,,蜜罐：死亡时，为附近受伤的盟友恢复900点生命值，平分给他们。每治疗一个盟友，总治疗量增加5%。,,死亡时治疗附近的盟友。
U373,宝箱怪,Mimic,敌人,野兽,,传说,2400,120,84,310,272,近战,160,273,击杀时抢积分。,金币,,,,,,掠夺：每次击杀单位时，根据波数获得+2-9积分。,,造成高额伤害并在击杀时获得积分。
U374,针刺者,Needler,敌人,野兽,,传说,3840,136,86,300,760,远程,360,372,攻击越来越快。,迅捷,急速射击：攻击恢复魔法。获得50%的攻击速度，持续15秒。自身可叠加。,敌人进入攻击范围,,,螺旋聚气 → 光柱鼓舞（orange）,急速射击：攻击恢复魔法。获得50%的攻击速度，持续15秒。自身可叠加。,,首屈一指的远程DPS雇佣兵。
U375,食人魔,OgreEnemy,敌人,野兽,,传说,2960,157,85,300,272,近战,200,349,普通单位。,—,,,,,,,,挥舞着巨大的棍棒来敲打敌人。
U376,头狼,PackLeader,敌人,野兽,,传说,2350,185,125,310,272,近战,160,410,让身边友军伤害提高，但更脆。,光环 · 伤害,,,,,,领袖光环：使附近盟友的伤害和技能伤害提高15%，但受到的伤害也提高18%。不叠加。,,战鼓被动地提升盟友的伤害，但会降低其防御。
U377,萨满,Shaman,敌人,野兽,,传说,3300,120,80,270,760,远程,320,313,让一名友军加速。,狂怒,,,,,,嗜血：直接释放：次数1，使一个盟友的攻击速度提高50%，持续5秒。,,提升一个盟友单位的攻击速度。
U378,攻城锤,SiegeRam,敌人,野兽,,传说,5700,272,130,290,304,近战,320,789,受到的远程伤害减少。,守护,,,,,,偏转：受到的远程单位伤害减少15%,,受到的远程单位伤害减少。
U379,女巫,Witch,敌人,野兽,,传说,1550,82,79,280,680,远程,200,176,召唤蛙人。,召唤,召唤蛙人：附近敌方单位死亡时恢复1点法力值。召唤一只蛙人。,有敌人逼近到 600 以内,,,法阵 → 法阵（toxic）,召唤蛙人：附近敌方单位死亡时恢复1点法力值。召唤一只蛙人。,,召唤源源不断的蛙人。
U380,刻耳柏洛斯,Cerberus,敌人,混沌,,,4350,114,78,260,880,远程,510,346,身边敌人死亡时回血、加速。,狂怒,,,,,,盛宴：附近(中范围)敌人死亡时恢复自身0.1%最大生命值并增加1%的攻击速度。,,中程单位。拥有能穿透护甲的毒液。
U381,混沌屠夫,ChaosButcher,敌人,混沌,,,8250,135,263,270,408,近战,750,951,持续毒伤目标，身边敌人死亡时回血、加速。,毒,,,,,,"毒尖长矛：每秒对目标敌人额外造成67%攻击力的技能伤害。
盛宴：附近(中范围)敌人死亡时恢复自身0.1%最大生命值并增加1%的攻击速度。",,能死后复生的恶魔领主。
U382,混沌卫黑卡托斯,ChaosGuardBlackKatos,敌人,混沌,,,33000,540,263,220,480,近战,3000,3803,防御更高，身边敌人死亡时回血、加速。,守护,,,,,,"首领单位：防御增加30%
盛宴：附近(中范围)敌人死亡时恢复自身0.1%最大生命值并增加1%的攻击速度。",,最终首领。率领着一群军团领主。
U383,地龙王加贡,EarthDragonKingGargon,敌人,混沌,,,8760,320,75,220,1200,远程,955,806,防御更高。,守护,,,,,,首领单位：防御增加30%,,迷你首领单位。一只赤色巨型四爪章鱼。
U384,邪眼王尼克松,EvilEyeKingNixon,敌人,混沌,,,65000,600,333,220,1200,远程,7350,6331,防御更高，身边敌人死亡时回血、加速。,守护,,,,,,"首领单位：防御增加30%
盛宴：附近(中范围)敌人死亡时恢复自身0.1%最大生命值并增加1%的攻击速度。",,强大的首领单位。击杀单位时恢复生命值并提升伤害。
U385,豹帝萨瓦隆,LeopardEmperorSavalon,敌人,混沌,,,8100,180,145,280,408,近战,835,808,身边敌人死亡时回血、加速。,狂怒,,,,,,盛宴：附近(中范围)敌人死亡时恢复自身0.1%最大生命值并增加1%的攻击速度。,,使用鱼篓比大部分人用剑更加娴熟。
U386,蛛皇阿纳佐斯,SpiderEmperorAnazos,敌人,混沌,,,10000,115,377,220,480,近战,1075,1157,防御更高。,守护,,,,,,首领单位：防御增加30%,,首领单位。使用头刺穿透敌人。
U387,克拉肯,Kraken,敌人,野兽,,,8000,295,115,240,352,近战,400,915,防御更高。,守护,,,,,,首领单位：防御增加30%,,肉盾。首领单位。
U388,邪犬,EvilDog,召唤物,恶魔,战士,普通,2000,100,172,370,240,近战,0,326,近战输出。,—,,,,,,,,地狱之门的近战型召唤物。
U389,魔豹,MagicLeopard,召唤物,恶魔,射手,普通,1080,100,143,320,600,远程,0,218,远程输出。,—,,,,,,,,地狱之门的远程型召唤物。
U390,月豹,MoonLeopard,召唤物,恶魔,射手,普通,420,50,112,320,600,远程,0,85,远程输出。,—,,,,,,,,灵魂之门的召唤物。
U391,看门犬,Watchdog,召唤物,恶魔,战士,普通,780,50,135,340,240,近战,0,127,近战输出。,—,,,,,,,,灵魂之门的近战召唤物。
U392,小蜘蛛,Spiderling,召唤物,混沌,战士,普通,140,5,137,340,240,近战,0,17,近战输出。,—,,,,,,,,迷你版的污泥，在污泥死后生成。
U393,自爆步兵,BoomSoldier,召唤物,科技,战士,普通,1,0,0,500,240,近战,0,0,冲上去自爆。,火焰,,,,,,自爆：对极小范围内的敌人造成自身攻击力100%的技能伤害,,自爆步兵
U394,小螃蟹,Crabling,召唤物,自然,先锋,普通,600,26,125,340,240,近战,50,78,站在前排扛伤害。,—,,,,,,,,肉盾近战宠物。（小螃蟹）
U395,巨蟹钳,Pincer,召唤物,自然,先锋,普通,1710,74,125,340,240,近战,50,221,站在前排扛伤害。,—,,,,,,,,肉盾近战宠物。（巨蟹）
U396,影骑士分身,ShadowKnightReplicator,召唤物,自然,战士,普通,935,33,143,340,240,近战,0,117,近战输出。,—,,,,,,,,
U397,影剑士分身,ShadowSwordsmanReplicator,召唤物,自然,战士,普通,425,15,143,340,240,近战,0,53,近战输出。,—,,,,,,,,
U398,野人矛兵,WildManSpearman,召唤物,自然,战士,普通,130,13,100,340,240,近战,0,23,近战输出。,—,,,,,,,,死亡后会生成一个迷你史莱姆。
U399,舞蛇,DancingSnake,召唤物,野兽,战士,普通,120,9,115,340,600,远程,0,20,近战输出。,—,,,,,,,,由巫毒神父召唤。
U400,蛙人,Froggo,召唤物,野兽,射手,普通,400,29,79,280,600,远程,0,53,远程输出。,—,,,,,,,,高伤害远程宠物。
U401,骨龙,BoneDragon,召唤物,骷髅,射手,普通,2000,250,79,260,600,远程,0,349,远程输出。,—,,,,,,,,击杀敌人时能恢复自身生命值的远程召唤物
U402,恶魔,Diabolic,召唤物,骷髅,射手,普通,1385,72,135,280,600,远程,0,204,召唤小鬼。,召唤,,,,,,召唤小鬼：召唤一只小鬼（魔法/奥术）。,,恶魔法术师宠物。
U403,恐狼,DireWolf,召唤物,骷髅,战士,普通,860,78,97,370,240,近战,0,142,近战输出。,—,,,,,,,,高伤害近战宠物
U404,灰狼,GrayWolf,召唤物,骷髅,战士,普通,300,27,97,370,240,近战,0,49,近战输出。,—,,,,,,,,高伤害的近战宠物
U405,老猎犬,OldHound,召唤物,骷髅,战士,普通,295,25,115,370,240,近战,0,51,近战输出。,—,,,,,,,,高伤害近战宠物。（小鬼）
U406,复仇之龙,VengefulDragon,召唤物,骷髅,射手,普通,800,100,79,260,600,远程,0,140,远程输出。,—,,,,,,,,击杀敌人时能恢复自身生命值的远程召唤物
U407,魔像,Golem,召唤物,不死,先锋,传说,640,41,120,320,272,近战,0,99,站在前排扛伤害。,—,,,,,,,,九头蛇死亡时召唤小九头蛇。
